Run,Assay Type,AvgSpotLen,Bases,BioProject,BioSample,Bytes,Center Name,Consent,DATASTORE filetype,DATASTORE provider,DATASTORE region,disease_state,Experiment,GEO_Accession (exp),Individuals,Instrument,LibraryLayout,LibrarySelection,LibrarySource,Organism,Platform,ReleaseDate,create_date,version,Sample Name,sample_type,source_name,SRA Study,tissue
SRR10278808,RNA-Seq,150,3235904700,PRJNA577618,SAMN13030887,1706776884,GEO,public,"run.zq,fastq,sra","ncbi,s3,gs","ncbi.public,gs.us-east1,s3.us-east-1",AD,SRX6991953,GSM4120422,AD7-AD8,NextSeq 500,PAIRED,cDNA,TRANSCRIPTOMIC,Homo sapiens,ILLUMINA,2019-10-16T00:00:00Z,2019-10-15T15:46:00Z,1,GSM4120422,Single Nuclei,Entorhinal Cortex of aged AD individuals,SRP225693,Entorhinal Cortex
SRR10278809,RNA-Seq,150,3237605250,PRJNA577618,SAMN13030887,1702798603,GEO,public,"fastq,run.zq,sra","s3,ncbi,gs","gs.us-east1,s3.us-east-1,ncbi.public",AD,SRX6991953,GSM4120422,AD7-AD8,NextSeq 500,PAIRED,cDNA,TRANSCRIPTOMIC,Homo sapiens,ILLUMINA,2019-10-16T00:00:00Z,2019-10-15T15:25:00Z,1,GSM4120422,Single Nuclei,Entorhinal Cortex of aged AD individuals,SRP225693,Entorhinal Cortex
SRR10278810,RNA-Seq,150,3213829350,PRJNA577618,SAMN13030887,1701300299,GEO,public,"fastq,sra,run.zq","ncbi,s3,gs","ncbi.public,gs.us-east1,s3.us-east-1",AD,SRX6991953,GSM4120422,AD7-AD8,NextSeq 500,PAIRED,cDNA,TRANSCRIPTOMIC,Homo sapiens,ILLUMINA,2019-10-16T00:00:00Z,2019-10-15T15:38:00Z,1,GSM4120422,Single Nuclei,Entorhinal Cortex of aged AD individuals,SRP225693,Entorhinal Cortex
SRR10278811,RNA-Seq,150,3216009000,PRJNA577618,SAMN13030887,1700000075,GEO,public,"fastq,run.zq,sra","s3,ncbi,gs","gs.us-east1,ncbi.public,s3.us-east-1",AD,SRX6991953,GSM4120422,AD7-AD8,NextSeq 500,PAIRED,cDNA,TRANSCRIPTOMIC,Homo sapiens,ILLUMINA,2019-10-16T00:00:00Z,2019-10-15T16:03:00Z,1,GSM4120422,Single Nuclei,Entorhinal Cortex of aged AD individuals,SRP225693,Entorhinal Cortex
SRR10278812,RNA-Seq,150,3064315800,PRJNA577618,SAMN13030886,1617351072,GEO,public,"sra,fastq,run.zq","ncbi,gs,s3","ncbi.public,s3.us-east-1,gs.us-east1",AD,SRX6991954,GSM4120423,AD5-AD6,NextSeq 500,PAIRED,cDNA,TRANSCRIPTOMIC,Homo sapiens,ILLUMINA,2019-10-16T00:00:00Z,2019-10-15T21:20:00Z,1,GSM4120423,Single Nuclei,Entorhinal Cortex of aged AD individuals,SRP225693,Entorhinal Cortex
SRR10278813,RNA-Seq,150,3060639900,PRJNA577618,SAMN13030886,1610955089,GEO,public,"sra,fastq,run.zq","s3,ncbi,gs","s3.us-east-1,gs.us-east1,ncbi.public",AD,SRX6991954,GSM4120423,AD5-AD6,NextSeq 500,PAIRED,cDNA,TRANSCRIPTOMIC,Homo sapiens,ILLUMINA,2019-10-16T00:00:00Z,2019-10-15T16:09:00Z,1,GSM4120423,Single Nuclei,Entorhinal Cortex of aged AD individuals,SRP225693,Entorhinal Cortex
SRR10278814,RNA-Seq,150,3041220750,PRJNA577618,SAMN13030886,1610892492,GEO,public,"fastq,sra,run.zq","s3,ncbi,gs","gs.us-east1,s3.us-east-1,ncbi.public",AD,SRX6991954,GSM4120423,AD5-AD6,NextSeq 500,PAIRED,cDNA,TRANSCRIPTOMIC,Homo sapiens,ILLUMINA,2019-10-16T00:00:00Z,2019-10-15T15:54:00Z,1,GSM4120423,Single Nuclei,Entorhinal Cortex of aged AD individuals,SRP225693,Entorhinal Cortex
SRR10278815,RNA-Seq,150,3039823650,PRJNA577618,SAMN13030886,1608543561,GEO,public,"run.zq,fastq,sra","gs,ncbi,s3","gs.us-east1,s3.us-east-1,ncbi.public",AD,SRX6991954,GSM4120423,AD5-AD6,NextSeq 500,PAIRED,cDNA,TRANSCRIPTOMIC,Homo sapiens,ILLUMINA,2019-10-16T00:00:00Z,2019-10-15T16:26:00Z,1,GSM4120423,Single Nuclei,Entorhinal Cortex of aged AD individuals,SRP225693,Entorhinal Cortex
SRR10278816,RNA-Seq,150,3231620250,PRJNA577618,SAMN13030885,1707526351,GEO,public,"fastq,run.zq,sra","s3,gs,ncbi","ncbi.public,gs.us-east1,s3.us-east-1",AD,SRX6991955,GSM4120424,AD3-AD4,NextSeq 500,PAIRED,cDNA,TRANSCRIPTOMIC,Homo sapiens,ILLUMINA,2019-10-16T00:00:00Z,2019-10-15T16:32:00Z,1,GSM4120424,Single Nuclei,Entorhinal Cortex of aged AD individuals,SRP225693,Entorhinal Cortex
SRR10278817,RNA-Seq,150,3227798550,PRJNA577618,SAMN13030885,1701525322,GEO,public,"sra,run.zq,fastq","ncbi,s3,gs","gs.us-east1,s3.us-east-1,ncbi.public",AD,SRX6991955,GSM4120424,AD3-AD4,NextSeq 500,PAIRED,cDNA,TRANSCRIPTOMIC,Homo sapiens,ILLUMINA,2019-10-16T00:00:00Z,2019-10-15T16:51:00Z,1,GSM4120424,Single Nuclei,Entorhinal Cortex of aged AD individuals,SRP225693,Entorhinal Cortex
SRR10278818,RNA-Seq,150,3205918950,PRJNA577618,SAMN13030885,1699971441,GEO,public,"run.zq,fastq,sra","s3,ncbi,gs","s3.us-east-1,gs.us-east1,ncbi.public",AD,SRX6991955,GSM4120424,AD3-AD4,NextSeq 500,PAIRED,cDNA,TRANSCRIPTOMIC,Homo sapiens,ILLUMINA,2019-10-16T00:00:00Z,2019-10-15T16:32:00Z,1,GSM4120424,Single Nuclei,Entorhinal Cortex of aged AD individuals,SRP225693,Entorhinal Cortex
SRR10278819,RNA-Seq,150,3200497800,PRJNA577618,SAMN13030885,1695577394,GEO,public,"sra,run.zq,fastq","s3,gs,ncbi","gs.us-east1,ncbi.public,s3.us-east-1",AD,SRX6991955,GSM4120424,AD3-AD4,NextSeq 500,PAIRED,cDNA,TRANSCRIPTOMIC,Homo sapiens,ILLUMINA,2019-10-16T00:00:00Z,2019-10-15T17:34:00Z,1,GSM4120424,Single Nuclei,Entorhinal Cortex of aged AD individuals,SRP225693,Entorhinal Cortex
SRR10278820,RNA-Seq,150,3160423800,PRJNA577618,SAMN13030884,1665363138,GEO,public,"run.zq,fastq,sra","ncbi,s3,gs","ncbi.public,gs.us-east1,s3.us-east-1",control,SRX6991956,GSM4120425,Ct5-Ct6,NextSeq 500,PAIRED,cDNA,TRANSCRIPTOMIC,Homo sapiens,ILLUMINA,2019-10-16T00:00:00Z,2019-10-15T17:21:00Z,1,GSM4120425,Single Nuclei,Entorhinal Cortex of aged Healthy individuals,SRP225693,Entorhinal Cortex
SRR10278821,RNA-Seq,150,3163813350,PRJNA577618,SAMN13030884,1662908270,GEO,public,"fastq,run.zq,sra","gs,ncbi,s3","s3.us-east-1,ncbi.public,gs.us-east1",control,SRX6991956,GSM4120425,Ct5-Ct6,NextSeq 500,PAIRED,cDNA,TRANSCRIPTOMIC,Homo sapiens,ILLUMINA,2019-10-16T00:00:00Z,2019-10-15T17:22:00Z,1,GSM4120425,Single Nuclei,Entorhinal Cortex of aged Healthy individuals,SRP225693,Entorhinal Cortex
SRR10278822,RNA-Seq,150,3140449500,PRJNA577618,SAMN13030884,1660805414,GEO,public,"sra,fastq,run.zq","gs,s3,ncbi","ncbi.public,gs.us-east1,s3.us-east-1",control,SRX6991956,GSM4120425,Ct5-Ct6,NextSeq 500,PAIRED,cDNA,TRANSCRIPTOMIC,Homo sapiens,ILLUMINA,2019-10-16T00:00:00Z,2019-10-15T17:38:00Z,1,GSM4120425,Single Nuclei,Entorhinal Cortex of aged Healthy individuals,SRP225693,Entorhinal Cortex
SRR10278823,RNA-Seq,150,3139720500,PRJNA577618,SAMN13030884,1658680749,GEO,public,"run.zq,fastq,sra","s3,ncbi,gs","gs.us-east1,s3.us-east-1,ncbi.public",control,SRX6991956,GSM4120425,Ct5-Ct6,NextSeq 500,PAIRED,cDNA,TRANSCRIPTOMIC,Homo sapiens,ILLUMINA,2019-10-16T00:00:00Z,2019-10-15T18:08:00Z,1,GSM4120425,Single Nuclei,Entorhinal Cortex of aged Healthy individuals,SRP225693,Entorhinal Cortex
SRR10278824,RNA-Seq,150,3284310450,PRJNA577618,SAMN13030883,1750320622,GEO,public,"sra,fastq,run.zq","s3,gs,ncbi","s3.us-east-1,ncbi.public,gs.us-east1",control,SRX6991957,GSM4120426,Ct3-Ct4,NextSeq 500,PAIRED,cDNA,TRANSCRIPTOMIC,Homo sapiens,ILLUMINA,2019-10-16T00:00:00Z,2019-10-15T18:11:00Z,1,GSM4120426,Single Nuclei,Entorhinal Cortex of aged Healthy individuals,SRP225693,Entorhinal Cortex
SRR10278825,RNA-Seq,150,3284983500,PRJNA577618,SAMN13030883,1746324414,GEO,public,"run.zq,fastq,sra","s3,gs,ncbi","s3.us-east-1,ncbi.public,gs.us-east1",control,SRX6991957,GSM4120426,Ct3-Ct4,NextSeq 500,PAIRED,cDNA,TRANSCRIPTOMIC,Homo sapiens,ILLUMINA,2019-10-16T00:00:00Z,2019-10-15T18:22:00Z,1,GSM4120426,Single Nuclei,Entorhinal Cortex of aged Healthy individuals,SRP225693,Entorhinal Cortex
SRR10278826,RNA-Seq,150,3262628700,PRJNA577618,SAMN13030883,1744511227,GEO,public,"run.zq,fastq,sra","gs,ncbi,s3","ncbi.public,s3.us-east-1,gs.us-east1",control,SRX6991957,GSM4120426,Ct3-Ct4,NextSeq 500,PAIRED,cDNA,TRANSCRIPTOMIC,Homo sapiens,ILLUMINA,2019-10-16T00:00:00Z,2019-10-15T17:59:00Z,1,GSM4120426,Single Nuclei,Entorhinal Cortex of aged Healthy individuals,SRP225693,Entorhinal Cortex
SRR10278827,RNA-Seq,150,3260548800,PRJNA577618,SAMN13030883,1740971655,GEO,public,"sra,run.zq,fastq","gs,s3,ncbi","ncbi.public,gs.us-east1,s3.us-east-1",control,SRX6991957,GSM4120426,Ct3-Ct4,NextSeq 500,PAIRED,cDNA,TRANSCRIPTOMIC,Homo sapiens,ILLUMINA,2019-10-16T00:00:00Z,2019-10-15T19:05:00Z,1,GSM4120426,Single Nuclei,Entorhinal Cortex of aged Healthy individuals,SRP225693,Entorhinal Cortex
SRR10278828,RNA-Seq,150,2766085500,PRJNA577618,SAMN13030882,1470342920,GEO,public,"run.zq,sra,fastq","ncbi,s3,gs","s3.us-east-1,gs.us-east1,ncbi.public",control,SRX6991958,GSM4120427,Ct1-Ct2,NextSeq 500,PAIRED,cDNA,TRANSCRIPTOMIC,Homo sapiens,ILLUMINA,2019-10-16T00:00:00Z,2019-10-15T19:12:00Z,1,GSM4120427,Single Nuclei,Entorhinal Cortex of aged Healthy individuals,SRP225693,Entorhinal Cortex
SRR10278829,RNA-Seq,150,2768571000,PRJNA577618,SAMN13030882,1467137050,GEO,public,"sra,run.zq,fastq","s3,gs,ncbi","ncbi.public,s3.us-east-1,gs.us-east1",control,SRX6991958,GSM4120427,Ct1-Ct2,NextSeq 500,PAIRED,cDNA,TRANSCRIPTOMIC,Homo sapiens,ILLUMINA,2019-10-16T00:00:00Z,2019-10-15T19:51:00Z,1,GSM4120427,Single Nuclei,Entorhinal Cortex of aged Healthy individuals,SRP225693,Entorhinal Cortex
SRR10278830,RNA-Seq,150,2748955050,PRJNA577618,SAMN13030882,1466169655,GEO,public,"run.zq,fastq,sra","ncbi,gs,s3","ncbi.public,gs.us-east1,s3.us-east-1",control,SRX6991958,GSM4120427,Ct1-Ct2,NextSeq 500,PAIRED,cDNA,TRANSCRIPTOMIC,Homo sapiens,ILLUMINA,2019-10-16T00:00:00Z,2019-10-15T19:53:00Z,1,GSM4120427,Single Nuclei,Entorhinal Cortex of aged Healthy individuals,SRP225693,Entorhinal Cortex
SRR10278831,RNA-Seq,150,2747667750,PRJNA577618,SAMN13030882,1463308131,GEO,public,"sra,run.zq,fastq","s3,ncbi,gs","s3.us-east-1,gs.us-east1,ncbi.public",control,SRX6991958,GSM4120427,Ct1-Ct2,NextSeq 500,PAIRED,cDNA,TRANSCRIPTOMIC,Homo sapiens,ILLUMINA,2019-10-16T00:00:00Z,2019-10-15T20:58:00Z,1,GSM4120427,Single Nuclei,Entorhinal Cortex of aged Healthy individuals,SRP225693,Entorhinal Cortex
SRR10278832,RNA-Seq,150,9717769650,PRJNA577618,SAMN13030881,5505322825,GEO,public,"fastq,run.zq,sra","gs,s3,ncbi","gs.us-east1,s3.us-east-1,ncbi.public",control,SRX6991959,GSM4120428,Ct7-Ct8,NextSeq 500,PAIRED,cDNA,TRANSCRIPTOMIC,Homo sapiens,ILLUMINA,2019-10-16T00:00:00Z,2019-10-15T17:56:00Z,1,GSM4120428,Single Nuclei,Entorhinal Cortex of aged Healthy individuals,SRP225693,Entorhinal Cortex
SRR10278833,RNA-Seq,150,9775069350,PRJNA577618,SAMN13030881,5451193045,GEO,public,"fastq,run.zq,sra","gs,s3,ncbi","ncbi.public,s3.us-east-1,gs.us-east1",control,SRX6991959,GSM4120428,Ct7-Ct8,NextSeq 500,PAIRED,cDNA,TRANSCRIPTOMIC,Homo sapiens,ILLUMINA,2019-10-16T00:00:00Z,2019-10-15T21:46:00Z,1,GSM4120428,Single Nuclei,Entorhinal Cortex of aged Healthy individuals,SRP225693,Entorhinal Cortex
SRR10278834,RNA-Seq,150,9511391850,PRJNA577618,SAMN13030881,5393538179,GEO,public,"fastq,run.zq,sra","gs,ncbi,s3","gs.us-east1,ncbi.public,s3.us-east-1",control,SRX6991959,GSM4120428,Ct7-Ct8,NextSeq 500,PAIRED,cDNA,TRANSCRIPTOMIC,Homo sapiens,ILLUMINA,2019-10-16T00:00:00Z,2019-10-15T21:23:00Z,1,GSM4120428,Single Nuclei,Entorhinal Cortex of aged Healthy individuals,SRP225693,Entorhinal Cortex
SRR10278835,RNA-Seq,150,9683984400,PRJNA577618,SAMN13030881,5451848721,GEO,public,"fastq,sra,run.zq","ncbi,gs,s3","s3.us-east-1,gs.us-east1,ncbi.public",control,SRX6991959,GSM4120428,Ct7-Ct8,NextSeq 500,PAIRED,cDNA,TRANSCRIPTOMIC,Homo sapiens,ILLUMINA,2019-10-16T00:00:00Z,2019-10-15T21:43:00Z,1,GSM4120428,Single Nuclei,Entorhinal Cortex of aged Healthy individuals,SRP225693,Entorhinal Cortex
SRR10278836,RNA-Seq,150,10154386500,PRJNA577618,SAMN13030880,5701089472,GEO,public,"run.zq,sra,fastq","gs,ncbi,s3","s3.us-east-1,gs.us-east1,ncbi.public",AD,SRX6991960,GSM4120429,AD1-AD2,NextSeq 500,PAIRED,cDNA,TRANSCRIPTOMIC,Homo sapiens,ILLUMINA,2019-10-16T00:00:00Z,2019-10-15T21:31:00Z,1,GSM4120429,Single Nuclei,Entorhinal Cortex of aged AD individuals,SRP225693,Entorhinal Cortex
SRR10278837,RNA-Seq,150,10194316350,PRJNA577618,SAMN13030880,5652398145,GEO,public,"fastq,sra,run.zq","s3,gs,ncbi","gs.us-east1,s3.us-east-1,ncbi.public",AD,SRX6991960,GSM4120429,AD1-AD2,NextSeq 500,PAIRED,cDNA,TRANSCRIPTOMIC,Homo sapiens,ILLUMINA,2019-10-16T00:00:00Z,2019-10-15T18:40:00Z,1,GSM4120429,Single Nuclei,Entorhinal Cortex of aged AD individuals,SRP225693,Entorhinal Cortex
SRR10278838,RNA-Seq,150,9932071800,PRJNA577618,SAMN13030880,5581759285,GEO,public,"sra,fastq,run.zq","s3,gs,ncbi","s3.us-east-1,gs.us-east1,ncbi.public",AD,SRX6991960,GSM4120429,AD1-AD2,NextSeq 500,PAIRED,cDNA,TRANSCRIPTOMIC,Homo sapiens,ILLUMINA,2019-10-16T00:00:00Z,2019-10-15T21:56:00Z,1,GSM4120429,Single Nuclei,Entorhinal Cortex of aged AD individuals,SRP225693,Entorhinal Cortex
SRR10278839,RNA-Seq,150,10111570350,PRJNA577618,SAMN13030880,5642623956,GEO,public,"run.zq,sra,fastq","gs,ncbi,s3","gs.us-east1,ncbi.public,s3.us-east-1",AD,SRX6991960,GSM4120429,AD1-AD2,NextSeq 500,PAIRED,cDNA,TRANSCRIPTOMIC,Homo sapiens,ILLUMINA,2019-10-16T00:00:00Z,2019-10-15T22:29:00Z,1,GSM4120429,Single Nuclei,Entorhinal Cortex of aged AD individuals,SRP225693,Entorhinal Cortex
