"source","target","pathway_name","prob","pval"
"Astrocytes_Reactive","Astrocytes","ADGRL",0.0713000521751007,0
"Astrocytes_Reactive","Astrocytes","CADM",0.133290411975443,0
"Astrocytes_Reactive","Astrocytes","CNTN",0.0521507976761427,0
"Astrocytes_Reactive","Astrocytes","NRG",0.243238990882479,0
"Astrocytes_Reactive","Astrocytes_Reactive","ADGRL",0.0263488451474033,0
"Astrocytes_Reactive","Astrocytes_Reactive","CADM",0.101191789517378,0
"Astrocytes_Reactive","Astrocytes_Reactive","CNTN",0.0467722094206067,0
"Astrocytes_Reactive","Astrocytes_Reactive","NRG",0.219788203680346,0
"Astrocytes_Reactive","COPs","CADM",0.0436504355099844,0
"Astrocytes_Reactive","COPs","NRG",0.21911243312045,0
"Astrocytes_Reactive","COPs","NRXN",0.0565055515931836,0
"Astrocytes_Reactive","COPs","PSAP",0.0123051864702859,0
"Astrocytes_Reactive","Cajal_Retzius","ADGRL",0.0284331959687715,0
"Astrocytes_Reactive","Cajal_Retzius","CADM",0.130177005070005,0
"Astrocytes_Reactive","Cajal_Retzius","NRG",0.254611100446785,0
"Astrocytes_Reactive","Cajal_Retzius","NRXN",0.0569259539964398,0
"Astrocytes_Reactive","Endothelial","CADM",0.0380434611091805,0
"Astrocytes_Reactive","Endothelial","NRG",0.0929188708567019,0
"Astrocytes_Reactive","Ex_L2_3","ADGRL",0.156682651176578,0
"Astrocytes_Reactive","Ex_L2_3","ANGPTL",0.00950679531525618,0
"Astrocytes_Reactive","Ex_L2_3","CADM",0.153169538482904,0
"Astrocytes_Reactive","Ex_L2_3","CNTN",0.0384927205391699,0
"Astrocytes_Reactive","Ex_L2_3","NRXN",0.119461066550838,0
"Astrocytes_Reactive","Ex_L5_6","ADGRL",0.126925501124862,0
"Astrocytes_Reactive","Ex_L5_6","CADM",0.0877657936213738,0
"Astrocytes_Reactive","Ex_L5_6","CNTN",0.0441879756923522,0
"Astrocytes_Reactive","Ex_L5_6","NRXN",0.12304246606029,0
"Astrocytes_Reactive","Ex_L6b","ADGRL",0.0253495065898745,0
"Astrocytes_Reactive","Ex_L6b","CADM",0.131561602375178,0
"Astrocytes_Reactive","Ex_L6b","CNTN",0.0361421956311045,0
"Astrocytes_Reactive","Ex_L6b","NRG",0.369963210439467,0
"Astrocytes_Reactive","Ex_L6b","NRXN",0.062813634733166,0.005
"Astrocytes_Reactive","In_LAMP5","ADGRL",0.0641745252831222,0
"Astrocytes_Reactive","In_LAMP5","CADM",0.0384981501101638,0
"Astrocytes_Reactive","In_LAMP5","CNTN",0.0147549769798418,0
"Astrocytes_Reactive","In_LAMP5","NRG",0.34391446109924,0
"Astrocytes_Reactive","In_LAMP5","NRXN",0.0461405823378481,0
"Astrocytes_Reactive","In_LAMP5_PAX6","ADGRL",0.0440332265643992,0
"Astrocytes_Reactive","In_LAMP5_PAX6","CADM",0.0380891595944297,0.01
"Astrocytes_Reactive","In_LAMP5_PAX6","CNTN",0.0165485806480156,0
"Astrocytes_Reactive","In_LAMP5_PAX6","NRG",0.328323105873627,0
"Astrocytes_Reactive","In_LAMP5_PAX6","NRXN",0.0456225015054463,0
"Astrocytes_Reactive","In_PVALB","ADGRL",0.0753486112183115,0
"Astrocytes_Reactive","In_PVALB","CADM",0.0841009104780777,0
"Astrocytes_Reactive","In_PVALB","CNTN",0.0333792279573223,0
"Astrocytes_Reactive","In_PVALB","NRG",0.378047459930215,0
"Astrocytes_Reactive","In_PVALB","NRXN",0.0696330218690162,0
"Astrocytes_Reactive","In_SST","ADGRL",0.0981413441896811,0
"Astrocytes_Reactive","In_SST","CADM",0.0935405462755128,0
"Astrocytes_Reactive","In_SST","CNTN",0.0160665717133036,0
"Astrocytes_Reactive","In_SST","NRXN",0.0168172005682266,0
"Astrocytes_Reactive","In_VIP","ADGRL",0.0238326019006014,0
"Astrocytes_Reactive","In_VIP","CADM",0.0418985571163365,0
"Astrocytes_Reactive","In_VIP","CNTN",0.0138834798644134,0
"Astrocytes_Reactive","In_VIP","NRG",0.373105765885586,0
"Astrocytes_Reactive","In_VIP","NRXN",0.0169482954078838,0
"Astrocytes_Reactive","OPCs","ADGRL",0.117163468856883,0
"Astrocytes_Reactive","OPCs","CADM",0.0448511003174715,0
"Astrocytes_Reactive","OPCs","CNTN",0.0712251536661906,0
"Astrocytes_Reactive","OPCs","NRG",0.310963880019283,0
"Astrocytes_Reactive","OPCs","NRXN",0.178509014841724,0
"Astrocytes_Reactive","Oligodendrocytes","ADGRL",0.0204915596289759,0
"Astrocytes_Reactive","Oligodendrocytes","CADM",0.0441581359304242,0
"Astrocytes_Reactive","Oligodendrocytes","NRG",0.216132618702318,0
"Astrocytes_Reactive","Oligodendrocytes","NRXN",0.0536154748254192,0
"Astrocytes_Reactive","Oligodendrocytes","PSAP",0.0120848446260875,0
"Astrocytes","Astrocytes","ADGRL",0.0850174275393578,0
"Astrocytes","Astrocytes","CADM",0.173604281527049,0
"Astrocytes","Astrocytes","CNTN",0.0468335273149718,0
"Astrocytes","Astrocytes","GAP",0.00712380105765822,0
"Astrocytes","Astrocytes","NRG",0.232594842952335,0
"Astrocytes","Astrocytes","PTN",0.0377895650015688,0
"Astrocytes","Astrocytes_Reactive","ADGRL",0.031568307770341,0
"Astrocytes","Astrocytes_Reactive","CADM",0.133290411975443,0
"Astrocytes","Astrocytes_Reactive","CNTN",0.0419790494722104,0
"Astrocytes","Astrocytes_Reactive","NRG",0.209885647252238,0
"Astrocytes","Astrocytes_Reactive","PTN",0.0134157624671588,0
"Astrocytes","COPs","CADM",0.0586884154805804,0
"Astrocytes","COPs","NRG",0.209232158494948,0
"Astrocytes","COPs","NRXN",0.154469961856334,0
"Astrocytes","COPs","PSAP",0.0140226257431264,0
"Astrocytes","Cajal_Retzius","ADGRL",0.034057986169185,0
"Astrocytes","Cajal_Retzius","CADM",0.169733630943766,0
"Astrocytes","Cajal_Retzius","NRG",0.243629518653504,0
"Astrocytes","Cajal_Retzius","NRXN",0.155499097063549,0
"Astrocytes","Endothelial","CADM",0.0512533088806424,0
"Astrocytes","Endothelial","NRG",0.088087055839352,0
"Astrocytes","Endothelial","NRXN",0.0940252625146959,0
"Astrocytes","Ex_L2_3","ADGRL",0.186471581449349,0
"Astrocytes","Ex_L2_3","ANGPTL",0.0117750541601793,0
"Astrocytes","Ex_L2_3","CADM",0.201305151044036,0
"Astrocytes","Ex_L2_3","CNTN",0.0345173086827603,0
"Astrocytes","Ex_L2_3","NRXN",0.422669619553921,0
"Astrocytes","Ex_L5_6","ADGRL",0.151468229772739,0
"Astrocytes","Ex_L5_6","CADM",0.116155991778587,0
"Astrocytes","Ex_L5_6","CNTN",0.0396486295933861,0
"Astrocytes","Ex_L5_6","NRXN",0.466253432395414,0
"Astrocytes","Ex_L6b","ADGRL",0.0303742437454054,0
"Astrocytes","Ex_L6b","CADM",0.173654734344432,0
"Astrocytes","Ex_L6b","CNTN",0.0324013583997601,0
"Astrocytes","Ex_L6b","NRG",0.356385154688929,0
"Astrocytes","Ex_L6b","NRXN",0.175694670081974,0
"Astrocytes","Ex_L6b","PTN",0.0137107006372015,0
"Astrocytes","In_LAMP5","ADGRL",0.0765787098336941,0
"Astrocytes","In_LAMP5","CADM",0.0518573686130739,0
"Astrocytes","In_LAMP5","CNTN",0.0131974778357293,0
"Astrocytes","In_LAMP5","NRG",0.330790481628561,0
"Astrocytes","In_LAMP5","NRXN",0.128584135779806,0
"Astrocytes","In_LAMP5","PTN",0.0115175784979992,0
"Astrocytes","In_LAMP5_PAX6","ADGRL",0.052778497548073,0
"Astrocytes","In_LAMP5_PAX6","CADM",0.0513140288231162,0
"Astrocytes","In_LAMP5_PAX6","CNTN",0.0148045980116725,0
"Astrocytes","In_LAMP5_PAX6","NRG",0.315507981328946,0
"Astrocytes","In_LAMP5_PAX6","NRXN",0.131201789087529,0
"Astrocytes","In_LAMP5_PAX6","PTN",0.0354755509476649,0
"Astrocytes","In_PVALB","ADGRL",0.0898064654922433,0
"Astrocytes","In_PVALB","CADM",0.111450440689038,0
"Astrocytes","In_PVALB","CNTN",0.0299154911352047,0
"Astrocytes","In_PVALB","NRG",0.364344282619012,0
"Astrocytes","In_PVALB","NRXN",0.321805880729682,0
"Astrocytes","In_PVALB","PTN",0.00944428201446646,0
"Astrocytes","In_SST","ADGRL",0.117157617532218,0
"Astrocytes","In_SST","CADM",0.123545756064333,0
"Astrocytes","In_SST","CNTN",0.014372643523652,0
"Astrocytes","In_SST","NRXN",0.16570546458824,0
"Astrocytes","In_VIP","ADGRL",0.0285612779374689,0
"Astrocytes","In_VIP","CADM",0.0563685721178802,0
"Astrocytes","In_VIP","CNTN",0.0124168144484933,0
"Astrocytes","In_VIP","NRG",0.359478181376394,0
"Astrocytes","In_VIP","NRXN",0.187907866564621,0
"Astrocytes","OPCs","ADGRL",0.139031694005521,0
"Astrocytes","OPCs","CADM",0.0602766496055128,0
"Astrocytes","OPCs","CNTN",0.0640945813917634,0
"Astrocytes","OPCs","NRG",0.29852517901133,0
"Astrocytes","OPCs","NRXN",0.471775093201482,0
"Astrocytes","OPCs","PTN",0.0852361393021466,0
"Astrocytes","Oligodendrocytes","ADGRL",0.0245660825838928,0
"Astrocytes","Oligodendrocytes","CADM",0.0593601669792833,0
"Astrocytes","Oligodendrocytes","NRG",0.206351203989934,0
"Astrocytes","Oligodendrocytes","NRXN",0.147351854712896,0
"Astrocytes","Oligodendrocytes","PSAP",0.0137719595172477,0
"COPs","Astrocytes","CADM",0.0586884154805804,0
"COPs","Astrocytes","SPP1",0.0473028667050544,0
"COPs","Astrocytes_Reactive","CADM",0.0436504355099844,0
"COPs","Astrocytes_Reactive","SPP1",0.110631818715362,0
"COPs","COPs","CLDN",0.0188029486966673,0
"COPs","COPs","CNTN",0.0104233364668383,0
"COPs","COPs","MAG",0.0167936458474673,0
"COPs","COPs","NCAM",0.284920990184434,0
"COPs","COPs","NRXN",0.0681979604425418,0
"COPs","COPs","PSAP",0.0117669922655144,0
"COPs","Cajal_Retzius","CADM",0.0572025589797442,0
"COPs","Cajal_Retzius","NRXN",0.0686990204317718,0
"COPs","Endothelial","CLDN",0.0179052803632592,0
"COPs","Endothelial","NCAM",0.152816046919309,0
"COPs","Ex_L2_3","CADM",0.0663960952510565,0
"COPs","Ex_L2_3","NCAM",0.104354085413336,0
"COPs","Ex_L2_3","NRXN",0.143928967560713,0
"COPs","Ex_L5_6","APP",0.0112270288967437,0
"COPs","Ex_L5_6","CADM",0.0375400851529103,0
"COPs","Ex_L5_6","NRXN",0.14898893976095,0
"COPs","Ex_L6b","APP",0.00915533778949003,0
"COPs","Ex_L6b","CADM",0.0565772077536897,0.01
"COPs","Ex_L6b","NRXN",0.0760098228290023,0.005
"COPs","In_LAMP5","NRXN",0.0558151003912836,0
"COPs","In_LAMP5_PAX6","NRXN",0.0553872055056369,0
"COPs","In_PVALB","CADM",0.0358899897079016,0
"COPs","In_PVALB","NRXN",0.0843691080936825,0
"COPs","In_SST","CADM",0.0401555917075341,0
"COPs","In_SST","NCAM",0.0981579017774407,0.02
"COPs","In_SST","NRXN",0.0204753235562473,0
"COPs","In_VIP","NCAM",0.105082206091465,0
"COPs","In_VIP","NRXN",0.0206343360247081,0
"COPs","Microglia","APP",0.0834243010152521,0
"COPs","OPCs","NCAM",0.307612675711054,0
"COPs","OPCs","NRXN",0.214536577133573,0
"COPs","Oligodendrocytes","CLDN",0.0194248940433263,0
"COPs","Oligodendrocytes","CNTN",0.0260473145907487,0
"COPs","Oligodendrocytes","MAG",0.0170548352000623,0
"COPs","Oligodendrocytes","NCAM",0.341940407029132,0
"COPs","Oligodendrocytes","NRXN",0.0647508966796096,0
"COPs","Oligodendrocytes","PSAP",0.0115561747972367,0
"Cajal_Retzius","Astrocytes","ADGRL",0.133719080771194,0
"Cajal_Retzius","Astrocytes","CADM",0.233186514367803,0
"Cajal_Retzius","Astrocytes","CNTN",0.150517510076327,0
"Cajal_Retzius","Astrocytes","NRG",0.0726340074478894,0
"Cajal_Retzius","Astrocytes_Reactive","ADGRL",0.052794385004914,0
"Cajal_Retzius","Astrocytes_Reactive","CADM",0.17743237596032,0
"Cajal_Retzius","Astrocytes_Reactive","CNTN",0.136454348213175,0
"Cajal_Retzius","Astrocytes_Reactive","NRG",0.0642351842585421,0
"Cajal_Retzius","COPs","CADM",0.0769141734098123,0
"Cajal_Retzius","COPs","NRG",0.063998452828903,0
"Cajal_Retzius","COPs","NRXN",0.537269331409699,0
"Cajal_Retzius","COPs","PSAP",0.0176868747050802,0
"Cajal_Retzius","Cajal_Retzius","ADGRL",0.0567906955031904,0
"Cajal_Retzius","Cajal_Retzius","CADM",0.227786279545881,0
"Cajal_Retzius","Cajal_Retzius","NEGR",0.152139025611199,0
"Cajal_Retzius","Cajal_Retzius","NRG",0.0768397436293708,0
"Cajal_Retzius","Cajal_Retzius","NRXN",0.540361796548056,0
"Cajal_Retzius","Endothelial","CADM",0.0670702663975628,0
"Cajal_Retzius","Endothelial","NRG",0.0243536801221555,0
"Cajal_Retzius","Endothelial","NRXN",0.34531798808883,0
"Cajal_Retzius","Ex_L2_3","ADGRL",0.286876472222953,0
"Cajal_Retzius","Ex_L2_3","CADM",0.256193901491251,0
"Cajal_Retzius","Ex_L2_3","CNTN",0.114201511596393,0
"Cajal_Retzius","Ex_L2_3","NEGR",0.125077138411976,0
"Cajal_Retzius","Ex_L2_3","NRXN",1.47992987744163,0
"Cajal_Retzius","Ex_L5_6","ADGRL",0.240689907912159,0
"Cajal_Retzius","Ex_L5_6","APP",0.0109500516458155,0
"Cajal_Retzius","Ex_L5_6","CADM",0.154052294817688,0
"Cajal_Retzius","Ex_L5_6","CNTN",0.129588671827478,0
"Cajal_Retzius","Ex_L5_6","NEGR",0.172154694549231,0
"Cajal_Retzius","Ex_L5_6","NRXN",1.68451042203767,0
"Cajal_Retzius","Ex_L6b","ADGRL",0.0508693600827812,0
"Cajal_Retzius","Ex_L6b","APP",0.00892900880633639,0
"Cajal_Retzius","Ex_L6b","CADM",0.221268432746405,0
"Cajal_Retzius","Ex_L6b","CNTN",0.107745955484008,0
"Cajal_Retzius","Ex_L6b","NEGR",0.128579178315239,0
"Cajal_Retzius","Ex_L6b","NRG",0.125177675322573,0
"Cajal_Retzius","Ex_L6b","NRXN",0.629828051498303,0
"Cajal_Retzius","In_LAMP5","ADGRL",0.121589081930201,0
"Cajal_Retzius","In_LAMP5","CADM",0.0678689109015467,0
"Cajal_Retzius","In_LAMP5","CNTN",0.0460096728508547,0
"Cajal_Retzius","In_LAMP5","NEGR",0.0418487702582004,0
"Cajal_Retzius","In_LAMP5","NRG",0.113265575540917,0
"Cajal_Retzius","In_LAMP5","NRXN",0.555911551201908,0
"Cajal_Retzius","In_LAMP5_PAX6","ADGRL",0.0887741230242591,0
"Cajal_Retzius","In_LAMP5_PAX6","CADM",0.067150537071225,0
"Cajal_Retzius","In_LAMP5_PAX6","CNTN",0.0514043481572822,0
"Cajal_Retzius","In_LAMP5_PAX6","NEGR",0.0373602162770572,0
"Cajal_Retzius","In_LAMP5_PAX6","NRG",0.106434369062604,0
"Cajal_Retzius","In_LAMP5_PAX6","NRXN",0.579511784623097,0
"Cajal_Retzius","In_PVALB","ADGRL",0.14050204009622,0
"Cajal_Retzius","In_PVALB","CADM",0.147663217493936,0
"Cajal_Retzius","In_PVALB","CNTN",0.100077440622846,0
"Cajal_Retzius","In_PVALB","NEGR",0.169805811625809,0
"Cajal_Retzius","In_PVALB","NRG",0.129008258014848,0
"Cajal_Retzius","In_PVALB","NRXN",1.16249703518228,0
"Cajal_Retzius","In_SST","ADGRL",0.187114499576689,0
"Cajal_Retzius","In_SST","CADM",0.164113310049787,0
"Cajal_Retzius","In_SST","CNTN",0.0499586721396938,0
"Cajal_Retzius","In_SST","NEGR",0.1484842354389,0
"Cajal_Retzius","In_SST","NRXN",0.607841215984905,0
"Cajal_Retzius","In_VIP","ADGRL",0.0479361218731803,0
"Cajal_Retzius","In_VIP","CADM",0.0738395352268425,0
"Cajal_Retzius","In_VIP","CNTN",0.0433733974189389,0
"Cajal_Retzius","In_VIP","NEGR",0.0524137365076656,0
"Cajal_Retzius","In_VIP","NRG",0.126658968017387,0
"Cajal_Retzius","In_VIP","NRXN",0.678133694046822,0
"Cajal_Retzius","Microglia","APP",0.0814494224260191,0
"Cajal_Retzius","OPCs","ADGRL",0.206264022724387,0
"Cajal_Retzius","OPCs","CADM",0.0790208565700552,0
"Cajal_Retzius","OPCs","CNTN",0.19805229749479,0
"Cajal_Retzius","OPCs","NEGR",0.0530996195062883,0
"Cajal_Retzius","OPCs","NRG",0.099076420265255,0
"Cajal_Retzius","OPCs","NRXN",1.58532897411156,0
"Cajal_Retzius","Oligodendrocytes","ADGRL",0.0414273835622808,0
"Cajal_Retzius","Oligodendrocytes","CADM",0.0778050371604194,0
"Cajal_Retzius","Oligodendrocytes","NRG",0.0629580342008961,0
"Cajal_Retzius","Oligodendrocytes","NRXN",0.515726547528877,0
"Cajal_Retzius","Oligodendrocytes","PSAP",0.0173718610145161,0
"Endothelial","Astrocytes","CADM",0.0512533088806424,0
"Endothelial","Astrocytes","LAMININ",0.0498206333816263,0
"Endothelial","Astrocytes","SPP1",0.017629391798105,0
"Endothelial","Astrocytes_Reactive","CADM",0.0380434611091805,0
"Endothelial","Astrocytes_Reactive","LAMININ",0.116109552438473,0
"Endothelial","Astrocytes_Reactive","SPP1",0.0430257152590013,0
"Endothelial","COPs","CLDN",0.0179052803632592,0
"Endothelial","COPs","PSAP",0.0138043753446409,0
"Endothelial","Cajal_Retzius","CADM",0.0499457043286119,0
"Endothelial","Cajal_Retzius","LAMININ",0.0502719996551471,0
"Endothelial","Endothelial","CLDN",0.0170497227837819,0
"Endothelial","Ex_L2_3","CADM",0.0578983842907747,0
"Endothelial","Ex_L2_3","LAMININ",0.0366720731796366,0
"Endothelial","Ex_L2_3","NRXN",0.12424341587268,0
"Endothelial","Ex_L5_6","APP",0.0109181177418114,0
"Endothelial","Ex_L5_6","CADM",0.0326911659393654,0
"Endothelial","Ex_L5_6","LAMININ",0.0995509641909201,0
"Endothelial","Ex_L5_6","NRXN",0.128093676985305,0
"Endothelial","Ex_L6b","APP",0.00890291586421233,0
"Endothelial","Ex_L6b","CADM",0.00763248221376094,0
"Endothelial","Ex_L6b","NRXN",0.0653841172224769,0.01
"Endothelial","In_LAMP5","NRXN",0.0480256818167782,0
"Endothelial","In_LAMP5_PAX6","NRXN",0.0475196308249645,0
"Endothelial","In_PVALB","CADM",0.0312472877325135,0
"Endothelial","In_PVALB","NRXN",0.072500475301978,0
"Endothelial","In_SST","CADM",0.0349811156361718,0
"Endothelial","In_VIP","NRXN",0.0176628124303799,0.02
"Endothelial","Microglia","APP",0.081221472427936,0
"Endothelial","OPCs","NRXN",0.1855654050693,0.00333333333333333
"Endothelial","Oligodendrocytes","CLDN",0.0184980932985292,0
"Endothelial","Oligodendrocytes","PSAP",0.0135575568823126,0
"Ex_L2_3","Astrocytes","ADGRL",0.312196202100375,0
"Ex_L2_3","Astrocytes","CADM",0.164116843333823,0
"Ex_L2_3","Astrocytes","CNTN",0.10568522686325,0
"Ex_L2_3","Astrocytes","NRG",0.220184313280495,0
"Ex_L2_3","Astrocytes","PTPR",0.00872917972806439,0
"Ex_L2_3","Astrocytes_Reactive","ADGRL",0.124757778207291,0
"Ex_L2_3","Astrocytes_Reactive","CADM",0.125671083336904,0
"Ex_L2_3","Astrocytes_Reactive","CNTN",0.0953407155974798,0
"Ex_L2_3","Astrocytes_Reactive","NRG",0.198373587696582,0
"Ex_L2_3","Astrocytes_Reactive","PTPR",0.00728919977716001,0
"Ex_L2_3","COPs","CADM",0.0550626613686397,0
"Ex_L2_3","COPs","NCAM",0.104354085413336,0
"Ex_L2_3","COPs","NRG",0.197746971533376,0
"Ex_L2_3","COPs","NRXN",0.433185048302028,0
"Ex_L2_3","COPs","PSAP",0.00872053750603812,0
"Ex_L2_3","COPs","PTPR",0.183213221902148,0
"Ex_L2_3","COPs","UNC5",0.0390100056046034,0
"Ex_L2_3","Cajal_Retzius","ADGRL",0.13411002993614,0
"Ex_L2_3","Cajal_Retzius","CADM",0.160416661591899,0
"Ex_L2_3","Cajal_Retzius","NEGR",0.125077138411976,0
"Ex_L2_3","Cajal_Retzius","NRG",0.230807295458875,0
"Ex_L2_3","Cajal_Retzius","NRXN",0.435853487017736,0
"Ex_L2_3","Cajal_Retzius","PTPR",0.17237817740361,0
"Ex_L2_3","Endothelial","CADM",0.0480634397274301,0
"Ex_L2_3","Endothelial","NRG",0.0825575131941737,0
"Ex_L2_3","Endothelial","NRXN",0.271660029455309,0.005
"Ex_L2_3","Endothelial","PTPR",0.0683064231671134,0
"Ex_L2_3","Endothelial","UNC5",0.0372416710242344,0
"Ex_L2_3","Ex_L2_3","ADGRL",0.668079465707912,0
"Ex_L2_3","Ex_L2_3","CADM",0.189892271603977,0
"Ex_L2_3","Ex_L2_3","CDH",0.00965234696478067,0
"Ex_L2_3","Ex_L2_3","CNTN",0.0791778928673462,0
"Ex_L2_3","Ex_L2_3","EPHA",0.0247286050225911,0
"Ex_L2_3","Ex_L2_3","FLRT",0.0664088734115576,0
"Ex_L2_3","Ex_L2_3","NEGR",0.102248405551517,0
"Ex_L2_3","Ex_L2_3","NRXN",1.18866714194202,0
"Ex_L2_3","Ex_L2_3","PTPR",0.293071214445707,0
"Ex_L2_3","Ex_L2_3","UNC5",0.0425717335873909,0
"Ex_L2_3","Ex_L5_6","ADGRL",0.562914369852122,0
"Ex_L2_3","Ex_L5_6","APP",0.021489593274929,0
"Ex_L2_3","Ex_L5_6","CADM",0.109392500742273,0
"Ex_L2_3","Ex_L5_6","CDH",0.00992269009891513,0
"Ex_L2_3","Ex_L5_6","CNTN",0.0903272851891649,0
"Ex_L2_3","Ex_L5_6","EPHA",0.0361545792271886,0
"Ex_L2_3","Ex_L5_6","FLRT",0.0565718656540961,0
"Ex_L2_3","Ex_L5_6","NEGR",0.142129323892773,0
"Ex_L2_3","Ex_L5_6","NRXN",1.3344650657404,0
"Ex_L2_3","Ex_L5_6","PTPR",0.315770809888183,0
"Ex_L2_3","Ex_L5_6","UNC5",0.121980809841124,0
"Ex_L2_3","Ex_L6b","ADGRL",0.120248599383408,0
"Ex_L2_3","Ex_L6b","APP",0.0175578080302423,0
"Ex_L2_3","Ex_L6b","CADM",0.163642986319451,0
"Ex_L2_3","Ex_L6b","CNTN",0.0745355526789085,0
"Ex_L2_3","Ex_L6b","FLRT",0.0326235116800584,0
"Ex_L2_3","Ex_L6b","NEGR",0.105188108933605,0
"Ex_L2_3","Ex_L6b","NRG",0.340298514965137,0
"Ex_L2_3","Ex_L6b","NRXN",0.500779351340683,0
"Ex_L2_3","Ex_L6b","PTPR",0.1476426000724,0
"Ex_L2_3","Ex_L6b","UNC5",0.19674652698438,0
"Ex_L2_3","In_LAMP5","ADGRL",0.284324807360955,0
"Ex_L2_3","In_LAMP5","CADM",0.048631831480758,0
"Ex_L2_3","In_LAMP5","CNTN",0.0311635502874259,0
"Ex_L2_3","In_LAMP5","NEGR",0.0336268122049993,0
"Ex_L2_3","In_LAMP5","NRG",0.315293185812192,0
"Ex_L2_3","In_LAMP5","NRXN",0.511702257591011,0.005
"Ex_L2_3","In_LAMP5","PTPR",0.11775039324843,0
"Ex_L2_3","In_LAMP5","UNC5",0.0334146769847923,0
"Ex_L2_3","In_LAMP5_PAX6","ADGRL",0.210068651036485,0
"Ex_L2_3","In_LAMP5_PAX6","CADM",0.0481205722965718,0
"Ex_L2_3","In_LAMP5_PAX6","CNTN",0.0348811511630919,0
"Ex_L2_3","In_LAMP5_PAX6","FLRT",0.0252283253571737,0
"Ex_L2_3","In_LAMP5_PAX6","NEGR",0.0299925125665329,0
"Ex_L2_3","In_LAMP5_PAX6","NGL",0.0083949899046547,0
"Ex_L2_3","In_LAMP5_PAX6","NRG",0.300405261949582,0
"Ex_L2_3","In_LAMP5_PAX6","NRXN",0.456404945730192,0
"Ex_L2_3","In_LAMP5_PAX6","PTPR",0.210079429935776,0
"Ex_L2_3","In_LAMP5_PAX6","UNC5",0.171527363861453,0
"Ex_L2_3","In_PVALB","ADGRL",0.327754644871264,0
"Ex_L2_3","In_PVALB","CADM",0.104928414864746,0
"Ex_L2_3","In_PVALB","CNTN",0.0690477812374434,0
"Ex_L2_3","In_PVALB","NEGR",0.140120767814236,0
"Ex_L2_3","In_PVALB","NRG",0.348092684198409,0
"Ex_L2_3","In_PVALB","NRXN",0.921139041188193,0
"Ex_L2_3","In_PVALB","PTPR",0.202785575111354,0
"Ex_L2_3","In_PVALB","UNC5",0.0985660699642749,0
"Ex_L2_3","In_SST","ADGRL",0.438247748682211,0
"Ex_L2_3","In_SST","CADM",0.116408648508271,0
"Ex_L2_3","In_SST","CDH",0.0105153264353174,0
"Ex_L2_3","In_SST","CNTN",0.0338835684837966,0
"Ex_L2_3","In_SST","NEGR",0.121978920184652,0
"Ex_L2_3","In_SST","NRXN",0.478357802164144,0
"Ex_L2_3","In_SST","PTPR",0.177981957422853,0
"Ex_L2_3","In_SST","UNC5",0.0282057708144484,0
"Ex_L2_3","In_VIP","ADGRL",0.113372452567496,0
"Ex_L2_3","In_VIP","CADM",0.0528780863419593,0
"Ex_L2_3","In_VIP","CNTN",0.0293517597659511,0
"Ex_L2_3","In_VIP","NEGR",0.0422075330318242,0
"Ex_L2_3","In_VIP","NRG",0.343326402521278,0
"Ex_L2_3","In_VIP","NRXN",0.537595095382686,0
"Ex_L2_3","In_VIP","PTPR",0.180750230014605,0
"Ex_L2_3","Microglia","APP",0.153897351305001,0
"Ex_L2_3","OPCs","ADGRL",0.477867500754578,0
"Ex_L2_3","OPCs","CADM",0.0565586704040882,0
"Ex_L2_3","OPCs","CNTN",0.141418618051774,0
"Ex_L2_3","OPCs","NCAM",0.155647164773811,0
"Ex_L2_3","OPCs","NEGR",0.0427658859141944,0
"Ex_L2_3","OPCs","NGL",0.010288807327557,0
"Ex_L2_3","OPCs","NRG",0.283898221892226,0
"Ex_L2_3","OPCs","NRXN",1.29718917412936,0
"Ex_L2_3","OPCs","PTPR",0.113798998228404,0
"Ex_L2_3","Oligodendrocytes","ADGRL",0.0980911020468369,0
"Ex_L2_3","Oligodendrocytes","CADM",0.0556953677470714,0
"Ex_L2_3","Oligodendrocytes","NCAM",0.286604122255441,0
"Ex_L2_3","Oligodendrocytes","NRG",0.194985164520646,0
"Ex_L2_3","Oligodendrocytes","NRXN",0.414655729366333,0
"Ex_L2_3","Oligodendrocytes","PSAP",0.00856382734847903,0
"Ex_L2_3","Oligodendrocytes","PTPR",0.186479058639822,0
"Ex_L2_3","Oligodendrocytes","UNC5",0.101253662884665,0
"Ex_L5_6","Astrocytes","ADGRL",0.338130626691812,0
"Ex_L5_6","Astrocytes","CADM",0.116155991778587,0
"Ex_L5_6","Astrocytes","CNTN",0.126895841226911,0
"Ex_L5_6","Astrocytes","NRG",0.343579892295837,0
"Ex_L5_6","Astrocytes_Reactive","ADGRL",0.133209390823541,0
"Ex_L5_6","Astrocytes_Reactive","CADM",0.0877657936213738,0
"Ex_L5_6","Astrocytes_Reactive","CNTN",0.114741593128274,0
"Ex_L5_6","Astrocytes_Reactive","NRG",0.308511965280305,0
"Ex_L5_6","COPs","CADM",0.0375400851529103,0
"Ex_L5_6","COPs","NRG",0.307508400928283,0
"Ex_L5_6","COPs","NRXN",0.480085899183809,0
"Ex_L5_6","COPs","PTPR",0.139027015184453,0
"Ex_L5_6","COPs","SLIT",0.00692669963524887,0
"Ex_L5_6","COPs","UNC5",0.0330876950451338,0
"Ex_L5_6","Cajal_Retzius","ADGRL",0.143301499090231,0
"Ex_L5_6","Cajal_Retzius","CADM",0.113390450715485,0
"Ex_L5_6","Cajal_Retzius","Glutamate",0.105177932099374,0
"Ex_L5_6","Cajal_Retzius","NEGR",0.172154694549231,0
"Ex_L5_6","Cajal_Retzius","NRG",0.360758742544456,0
"Ex_L5_6","Cajal_Retzius","NRXN",0.482954667585284,0
"Ex_L5_6","Cajal_Retzius","PTPR",0.13038795099221,0
"Ex_L5_6","Endothelial","CADM",0.0326911659393654,0
"Ex_L5_6","Endothelial","NRG",0.126359900282596,0
"Ex_L5_6","Endothelial","NRXN",0.304452890434407,0
"Ex_L5_6","Endothelial","PTPR",0.0501318059243363,0
"Ex_L5_6","Endothelial","UNC5",0.031578998638084,0
"Ex_L5_6","Ex_L2_3","ADGRL",0.726477332742893,0
"Ex_L5_6","Ex_L2_3","CADM",0.132985840147988,0
"Ex_L5_6","Ex_L2_3","CDH",0.00992269009891513,0
"Ex_L5_6","Ex_L2_3","CNTN",0.0956374973096042,0
"Ex_L5_6","Ex_L2_3","EPHA",0.0784878653326075,0
"Ex_L5_6","Ex_L2_3","FLRT",0.0565718656540961,0
"Ex_L5_6","Ex_L2_3","Glutamate",0.287427752602632,0
"Ex_L5_6","Ex_L2_3","NEGR",0.142129323892773,0
"Ex_L5_6","Ex_L2_3","NRXN",1.31945277560282,0
"Ex_L5_6","Ex_L2_3","PTPR",0.171367389156021,0
"Ex_L5_6","Ex_L2_3","SLIT",0.00467750530703961,0
"Ex_L5_6","Ex_L2_3","UNC5",0.0360131158166948,0
"Ex_L5_6","Ex_L5_6","ADGRL",0.60832781674241,0
"Ex_L5_6","Ex_L5_6","APP",0.0206917224553697,0
"Ex_L5_6","Ex_L5_6","CADM",0.075970575785909,0
"Ex_L5_6","Ex_L5_6","CDH",0.0102005270202791,0
"Ex_L5_6","Ex_L5_6","CNTN",0.108830708213653,0
"Ex_L5_6","Ex_L5_6","EPHA",0.114830953173894,0
"Ex_L5_6","Ex_L5_6","FLRT",0.0481168931708195,0
"Ex_L5_6","Ex_L5_6","Glutamate",0.182907998730337,0
"Ex_L5_6","Ex_L5_6","NEGR",0.194200508968283,0
"Ex_L5_6","Ex_L5_6","NRXN",1.49069457567269,0
"Ex_L5_6","Ex_L5_6","PTPR",0.207402176241815,0
"Ex_L5_6","Ex_L5_6","UNC5",0.104297109305691,0
"Ex_L5_6","Ex_L6b","ADGRL",0.128348674624154,0
"Ex_L5_6","Ex_L6b","APP",0.0169033957309287,0
"Ex_L5_6","Ex_L6b","CADM",0.114016194646743,0
"Ex_L5_6","Ex_L6b","CNTN",0.0901245552231576,0
"Ex_L5_6","Ex_L6b","FLRT",0.0276428781838218,0
"Ex_L5_6","Ex_L6b","Glutamate",0.169936978414562,0
"Ex_L5_6","Ex_L6b","NEGR",0.146029120637002,0
"Ex_L5_6","Ex_L6b","NRG",0.542073956537494,0
"Ex_L5_6","Ex_L6b","NRXN",0.558491157246349,0
"Ex_L5_6","Ex_L6b","PTPR",0.0818327541966609,0
"Ex_L5_6","Ex_L6b","UNC5",0.168062850454579,0
"Ex_L5_6","In_LAMP5","ADGRL",0.30731877264567,0
"Ex_L5_6","In_LAMP5","CADM",0.0330840852938226,0
"Ex_L5_6","In_LAMP5","CNTN",0.0380543617179843,0
"Ex_L5_6","In_LAMP5","Glutamate",0.262286765441361,0
"Ex_L5_6","In_LAMP5","NEGR",0.0481789826140583,0
"Ex_L5_6","In_LAMP5","NRG",0.49992718026434,0
"Ex_L5_6","In_LAMP5","NRXN",0.572269160160965,0
"Ex_L5_6","In_LAMP5","PTPR",0.0678625460058368,0
"Ex_L5_6","In_LAMP5","SLIT",0.00766135536182031,0
"Ex_L5_6","In_LAMP5","UNC5",0.028316791886727,0
"Ex_L5_6","In_LAMP5_PAX6","ADGRL",0.223969684463804,0
"Ex_L5_6","In_LAMP5_PAX6","CADM",0.0327306539085737,0.01
"Ex_L5_6","In_LAMP5_PAX6","CNTN",0.0425578807919045,0
"Ex_L5_6","In_LAMP5_PAX6","FLRT",0.021351795756522,0
"Ex_L5_6","In_LAMP5_PAX6","Glutamate",0.308438146908359,0
"Ex_L5_6","In_LAMP5_PAX6","NEGR",0.0430419720270343,0
"Ex_L5_6","In_LAMP5_PAX6","NGL",0.0234505668360728,0
"Ex_L5_6","In_LAMP5_PAX6","NRG",0.475053004367084,0
"Ex_L5_6","In_LAMP5_PAX6","NRXN",0.584423739760837,0
"Ex_L5_6","In_LAMP5_PAX6","PTPR",0.151977749681338,0
"Ex_L5_6","In_LAMP5_PAX6","UNC5",0.146669869949785,0
"Ex_L5_6","In_PVALB","ADGRL",0.355379401843587,0
"Ex_L5_6","In_PVALB","CADM",0.0727589473895219,0
"Ex_L5_6","In_PVALB","CNTN",0.0835926958766565,0
"Ex_L5_6","In_PVALB","Glutamate",0.190785232027851,0
"Ex_L5_6","In_PVALB","NEGR",0.191620456783998,0
"Ex_L5_6","In_PVALB","NRG",0.555309457133489,0
"Ex_L5_6","In_PVALB","NRXN",1.02890534519948,0
"Ex_L5_6","In_PVALB","PTPR",0.125504722000054,0
"Ex_L5_6","In_PVALB","SLIT",0.0049729889427673,0
"Ex_L5_6","In_PVALB","UNC5",0.0839801271426188,0
"Ex_L5_6","In_SST","ADGRL",0.472898887281261,0
"Ex_L5_6","In_SST","CADM",0.0810381790444803,0
"Ex_L5_6","In_SST","CDH",0.0108095760987107,0
"Ex_L5_6","In_SST","CNTN",0.0413501542169819,0
"Ex_L5_6","In_SST","Glutamate",0.258720879880043,0
"Ex_L5_6","In_SST","NEGR",0.16811441332614,0
"Ex_L5_6","In_SST","NRXN",0.535994630140704,0
"Ex_L5_6","In_SST","PTPR",0.127784674837763,0
"Ex_L5_6","In_SST","SLIT",0.0336212824293064,0
"Ex_L5_6","In_SST","UNC5",0.0238829428485794,0
"Ex_L5_6","In_VIP","ADGRL",0.120942979408622,0
"Ex_L5_6","In_VIP","CADM",0.0360242036131231,0
"Ex_L5_6","In_VIP","CNTN",0.0358567792732217,0
"Ex_L5_6","In_VIP","Glutamate",0.16137551206571,0
"Ex_L5_6","In_VIP","NEGR",0.0602415710819852,0
"Ex_L5_6","In_VIP","NRG",0.547210016894566,0
"Ex_L5_6","In_VIP","NRXN",0.600364087294262,0
"Ex_L5_6","In_VIP","PTPR",0.124144867292749,0
"Ex_L5_6","In_VIP","SLIT",0.0187848823819924,0
"Ex_L5_6","Microglia","APP",0.148599158977485,0
"Ex_L5_6","OPCs","ADGRL",0.52348348073493,0
"Ex_L5_6","OPCs","CADM",0.0385794565752153,0
"Ex_L5_6","OPCs","CNTN",0.168449976788695,0
"Ex_L5_6","OPCs","Glutamate",0.157386716663298,0
"Ex_L5_6","OPCs","NEGR",0.0610232920024645,0
"Ex_L5_6","OPCs","NGL",0.0286426521767896,0
"Ex_L5_6","OPCs","NRG",0.447656513065986,0
"Ex_L5_6","OPCs","NRXN",1.42782519172349,0
"Ex_L5_6","OPCs","PTPR",0.0466043293611974,0
"Ex_L5_6","Oligodendrocytes","ADGRL",0.104513111755119,0
"Ex_L5_6","Oligodendrocytes","CADM",0.0379795381764707,0
"Ex_L5_6","Oligodendrocytes","Glutamate",0.0110848314771226,0
"Ex_L5_6","Oligodendrocytes","NRG",0.303087757408341,0
"Ex_L5_6","Oligodendrocytes","NRXN",0.460136451550943,0
"Ex_L5_6","Oligodendrocytes","PTPR",0.14164180435857,0
"Ex_L5_6","Oligodendrocytes","SLIT",0.00625844435107696,0
"Ex_L5_6","Oligodendrocytes","UNC5",0.086734693805628,0
"Ex_L6b","Astrocytes","ADGRL",0.421165228560194,0
"Ex_L6b","Astrocytes","CADM",0.144614817025746,0
"Ex_L6b","Astrocytes","CNTN",0.0482469853907466,0
"Ex_L6b","Astrocytes","COLLAGEN",0.0148971985242119,0
"Ex_L6b","Astrocytes","NRG",0.23179221671737,0
"Ex_L6b","Astrocytes","PTPR",0.0137857063127344,0
"Ex_L6b","Astrocytes_Reactive","ADGRL",0.16443138536841,0
"Ex_L6b","Astrocytes_Reactive","CADM",0.110135626143853,0
"Ex_L6b","Astrocytes_Reactive","CNTN",0.043252645432367,0
"Ex_L6b","Astrocytes_Reactive","COLLAGEN",0.0365038682293299,0
"Ex_L6b","Astrocytes_Reactive","NRG",0.209140028361649,0
"Ex_L6b","Astrocytes_Reactive","PTPR",0.0115212882739539,0
"Ex_L6b","COPs","CADM",0.0477788298611189,0.02
"Ex_L6b","COPs","NRG",0.208488248542021,0
"Ex_L6b","COPs","NRXN",0.276788712497716,0
"Ex_L6b","COPs","PSAP",0.0131062388211942,0
"Ex_L6b","COPs","UNC5",0.0188818370324972,0
"Ex_L6b","Cajal_Retzius","ADGRL",0.176973178030522,0
"Ex_L6b","Cajal_Retzius","CADM",0.141280011950832,0
"Ex_L6b","Cajal_Retzius","NEGR",0.128579178315239,0
"Ex_L6b","Cajal_Retzius","NRG",0.242800862070649,0
"Ex_L6b","Cajal_Retzius","NRXN",0.278364488746791,0
"Ex_L6b","Endothelial","NRG",0.0877260851669655,0
"Ex_L6b","Endothelial","NRXN",0.178589829960241,0
"Ex_L6b","Endothelial","UNC5",0.0180088194812939,0
"Ex_L6b","Ex_L2_3","ADGRL",0.907121917452936,0
"Ex_L6b","Ex_L2_3","CADM",0.166597436056777,0
"Ex_L6b","Ex_L2_3","CNTN",0.0355729299236316,0
"Ex_L6b","Ex_L2_3","FLRT",0.0326235116800584,0
"Ex_L6b","Ex_L2_3","GABA-A",0.134263271619649,0
"Ex_L6b","Ex_L2_3","GABA-B",0.0101286267417936,0
"Ex_L6b","Ex_L2_3","NEGR",0.105188108933605,0
"Ex_L6b","Ex_L2_3","NRXN",0.762978291126918,0
"Ex_L6b","Ex_L2_3","PTPR",0.103624255532636,0
"Ex_L6b","Ex_L2_3","UNC5",0.0204216666236903,0
"Ex_L6b","Ex_L5_6","ADGRL",0.756666666072396,0
"Ex_L6b","Ex_L5_6","APP",0.0093650312054342,0
"Ex_L6b","Ex_L5_6","CADM",0.0956492550363068,0
"Ex_L6b","Ex_L5_6","CNTN",0.0408545383793211,0
"Ex_L6b","Ex_L5_6","FLRT",0.0276428781838218,0
"Ex_L6b","Ex_L5_6","GABA-A",0.0830987470970204,0
"Ex_L6b","Ex_L5_6","GABA-B",0.0115950166735824,0
"Ex_L6b","Ex_L5_6","NEGR",0.146029120637002,0
"Ex_L6b","Ex_L5_6","NRXN",0.87029167761065,0
"Ex_L6b","Ex_L5_6","PTPR",0.0768059825422644,0
"Ex_L6b","Ex_L5_6","UNC5",0.0607046536155114,0
"Ex_L6b","Ex_L6b","ADGRL",0.158394873803813,0
"Ex_L6b","Ex_L6b","APP",0.00763427629910346,0
"Ex_L6b","Ex_L6b","CADM",0.143268704146155,0.01
"Ex_L6b","Ex_L6b","CNTN",0.0333945071006913,0
"Ex_L6b","Ex_L6b","FLRT",0.0157366496701882,0
"Ex_L6b","Ex_L6b","NEGR",0.108202143941196,0
"Ex_L6b","Ex_L6b","NRG",0.355353163408889,0
"Ex_L6b","Ex_L6b","NRXN",0.325202390895856,0
"Ex_L6b","Ex_L6b","PTPR",0.0560558482661959,0
"Ex_L6b","Ex_L6b","UNC5",0.0975779841547013,0
"Ex_L6b","In_LAMP5","ADGRL",0.382301095157176,0
"Ex_L6b","In_LAMP5","CNTN",0.0136102793494335,0
"Ex_L6b","In_LAMP5","GABA-B",0.0113041669305255,0
"Ex_L6b","In_LAMP5","NEGR",0.0346697942092685,0
"Ex_L6b","In_LAMP5","NRG",0.329794628079028,0
"Ex_L6b","In_LAMP5","NRXN",0.23612933401943,0
"Ex_L6b","In_LAMP5","PTPR",0.0386750565136459,0
"Ex_L6b","In_LAMP5","UNC5",0.0161251116169927,0
"Ex_L6b","In_LAMP5_PAX6","ADGRL",0.276202685149638,0
"Ex_L6b","In_LAMP5_PAX6","CADM",0.0417145189376412,0.04
"Ex_L6b","In_LAMP5_PAX6","CNTN",0.0152668906332222,0
"Ex_L6b","In_LAMP5_PAX6","FLRT",0.012121457890639,0
"Ex_L6b","In_LAMP5_PAX6","GABA-B",0.0126338342687145,0
"Ex_L6b","In_LAMP5_PAX6","NEGR",0.0309263791647004,0
"Ex_L6b","In_LAMP5_PAX6","NGL",0.059062733266282,0
"Ex_L6b","In_LAMP5_PAX6","NRG",0.314536511664976,0
"Ex_L6b","In_LAMP5_PAX6","NRXN",0.251799873527754,0
"Ex_L6b","In_LAMP5_PAX6","PTPR",0.0107968055714502,0
"Ex_L6b","In_LAMP5_PAX6","UNC5",0.0853699831973778,0
"Ex_L6b","In_PVALB","ADGRL",0.442958747750506,0
"Ex_L6b","In_PVALB","CADM",0.0916882651195157,0
"Ex_L6b","In_PVALB","CNTN",0.0308348725457153,0
"Ex_L6b","In_PVALB","GABA-A",0.00865122244256486,0
"Ex_L6b","In_PVALB","GABA-B",0.0110585401928454,0
"Ex_L6b","In_PVALB","NEGR",0.143974702308861,0
"Ex_L6b","In_PVALB","NRG",0.363302253540734,0
"Ex_L6b","In_PVALB","NRXN",0.600559517133745,0
"Ex_L6b","In_PVALB","PTPR",0.0526667476865188,0
"Ex_L6b","In_PVALB","UNC5",0.048455049567454,0
"Ex_L6b","In_SST","ADGRL",0.587660673326292,0
"Ex_L6b","In_SST","CADM",0.101884784934066,0
"Ex_L6b","In_SST","CNTN",0.0148216507341179,0
"Ex_L6b","In_SST","GABA-B",0.0106981676159918,0
"Ex_L6b","In_SST","NEGR",0.125406646808633,0
"Ex_L6b","In_SST","NRXN",0.314351810045183,0
"Ex_L6b","In_SST","PTPR",0.0140264173530278,0
"Ex_L6b","In_SST","UNC5",0.0135735716215092,0
"Ex_L6b","In_VIP","ADGRL",0.149202870884648,0
"Ex_L6b","In_VIP","CADM",0.0458692083330423,0.02
"Ex_L6b","In_VIP","CNTN",0.0128055146036722,0
"Ex_L6b","In_VIP","GABA-B",0.00897296689888655,0
"Ex_L6b","In_VIP","NEGR",0.0435046765830102,0
"Ex_L6b","In_VIP","NRG",0.358442221637624,0
"Ex_L6b","In_VIP","NRXN",0.350303397801446,0
"Ex_L6b","In_VIP","PTPR",0.0256635481016083,0
"Ex_L6b","Microglia","APP",0.0700704173395966,0
"Ex_L6b","OPCs","ADGRL",0.656622737366225,0
"Ex_L6b","OPCs","CADM",0.0490872231642878,0
"Ex_L6b","OPCs","CNTN",0.0659929182785682,0
"Ex_L6b","OPCs","NEGR",0.0440793993362425,0
"Ex_L6b","OPCs","NGL",0.0715617546470046,0
"Ex_L6b","OPCs","NRG",0.29758326689599,0
"Ex_L6b","OPCs","NRXN",0.814932392861659,0
"Ex_L6b","OPCs","PTPR",0.0780634093014228,0
"Ex_L6b","Oligodendrocytes","ADGRL",0.128832248634524,0
"Ex_L6b","Oligodendrocytes","CADM",0.048332121126825,0.02
"Ex_L6b","Oligodendrocytes","NCAM",0.285544228367212,0
"Ex_L6b","Oligodendrocytes","NRG",0.205614873679933,0
"Ex_L6b","Oligodendrocytes","NRXN",0.265805994314673,0
"Ex_L6b","Oligodendrocytes","PSAP",0.0128717399289171,0
"Ex_L6b","Oligodendrocytes","UNC5",0.0507038693389148,0
"In_LAMP5_PAX6","Astrocytes","ADGRL",0.179130201397986,0
"In_LAMP5_PAX6","Astrocytes","CADM",0.0513140288231162,0
"In_LAMP5_PAX6","Astrocytes","CNTN",0.121230367475314,0
"In_LAMP5_PAX6","Astrocytes","NRG",0.278507410269863,0
"In_LAMP5_PAX6","Astrocytes","PTPR",0.0135244280855992,0
"In_LAMP5_PAX6","Astrocytes_Reactive","ADGRL",0.0679991576554261,0
"In_LAMP5_PAX6","Astrocytes_Reactive","CADM",0.0380891595944297,0.01
"In_LAMP5_PAX6","Astrocytes_Reactive","CNTN",0.109550678518425,0
"In_LAMP5_PAX6","Astrocytes_Reactive","NRG",0.249746604743402,0
"In_LAMP5_PAX6","Astrocytes_Reactive","PTPR",0.0113024353412095,0
"In_LAMP5_PAX6","COPs","NRG",0.248924763493901,0
"In_LAMP5_PAX6","COPs","NRXN",0.444149288342124,0
"In_LAMP5_PAX6","COPs","PSAP",0.00929624080082328,0
"In_LAMP5_PAX6","COPs","UNC5",0.0145547837549028,0
"In_LAMP5_PAX6","Cajal_Retzius","ADGRL",0.0732842879382759,0
"In_LAMP5_PAX6","Cajal_Retzius","CADM",0.0500049567967936,0
"In_LAMP5_PAX6","Cajal_Retzius","NEGR",0.0373602162770572,0
"In_LAMP5_PAX6","Cajal_Retzius","NRG",0.292627647753399,0
"In_LAMP5_PAX6","Cajal_Retzius","NRXN",0.446869062790842,0
"In_LAMP5_PAX6","Endothelial","NRG",0.101619188564184,0
"In_LAMP5_PAX6","Endothelial","NRXN",0.279136723474594,0.005
"In_LAMP5_PAX6","Endothelial","UNC5",0.0138790009968249,0
"In_LAMP5_PAX6","Ex_L2_3","ADGRL",0.389730381960487,0
"In_LAMP5_PAX6","Ex_L2_3","CADM",0.0579676776318119,0
"In_LAMP5_PAX6","Ex_L2_3","CNTN",0.0912217937692128,0
"In_LAMP5_PAX6","Ex_L2_3","FLRT",0.0252283253571737,0
"In_LAMP5_PAX6","Ex_L2_3","GABA-A",0.46155313875237,0
"In_LAMP5_PAX6","Ex_L2_3","GABA-B",0.0352401078641857,0
"In_LAMP5_PAX6","Ex_L2_3","NEGR",0.0299925125665329,0
"In_LAMP5_PAX6","Ex_L2_3","NRXN",1.21903935514895,0
"In_LAMP5_PAX6","Ex_L2_3","PTPR",0.101747001845414,0
"In_LAMP5_PAX6","Ex_L2_3","UNC5",0.0157115771685219,0
"In_LAMP5_PAX6","Ex_L5_6","ADGRL",0.320318674049987,0
"In_LAMP5_PAX6","Ex_L5_6","APP",0.0103074756740234,0
"In_LAMP5_PAX6","Ex_L5_6","CADM",0.0327306539085737,0.01
"In_LAMP5_PAX6","Ex_L5_6","CNTN",0.103875824676079,0
"In_LAMP5_PAX6","Ex_L5_6","FLRT",0.021351795756522,0
"In_LAMP5_PAX6","Ex_L5_6","GABA-A",0.287701858014536,0
"In_LAMP5_PAX6","Ex_L5_6","GABA-B",0.0402979011346904,0
"In_LAMP5_PAX6","Ex_L5_6","NEGR",0.0430419720270343,0
"In_LAMP5_PAX6","Ex_L5_6","NRXN",1.37028345458593,0
"In_LAMP5_PAX6","Ex_L5_6","PTPR",0.0753934561986511,0
"In_LAMP5_PAX6","Ex_L5_6","UNC5",0.0470816855881537,0
"In_LAMP5_PAX6","Ex_L6b","ADGRL",0.0654604463760769,0
"In_LAMP5_PAX6","Ex_L6b","APP",0.00840402485058349,0
"In_LAMP5_PAX6","Ex_L6b","CADM",0.0493564596274114,0.02
"In_LAMP5_PAX6","Ex_L6b","CNTN",0.0859392029328866,0
"In_LAMP5_PAX6","Ex_L6b","FLRT",0.012121457890639,0
"In_LAMP5_PAX6","Ex_L6b","NEGR",0.0309263791647004,0
"In_LAMP5_PAX6","Ex_L6b","NRG",0.443045120235324,0
"In_LAMP5_PAX6","Ex_L6b","NRXN",0.514065058130424,0
"In_LAMP5_PAX6","Ex_L6b","PTPR",0.0550174802841397,0
"In_LAMP5_PAX6","Ex_L6b","UNC5",0.0756197609393042,0
"In_LAMP5_PAX6","In_LAMP5","ADGRL",0.16189877954522,0
"In_LAMP5_PAX6","In_LAMP5","CNTN",0.0361909481873127,0
"In_LAMP5_PAX6","In_LAMP5","GABA-B",0.0392955982738511,0
"In_LAMP5_PAX6","In_LAMP5","NEGR",0.00935825457797656,0
"In_LAMP5_PAX6","In_LAMP5","NRG",0.407837338360535,0
"In_LAMP5_PAX6","In_LAMP5","NRXN",0.525564557141385,0.01
"In_LAMP5_PAX6","In_LAMP5","PTPR",0.0379602115623729,0
"In_LAMP5_PAX6","In_LAMP5","PTPRM",0.0162061356469423,0
"In_LAMP5_PAX6","In_LAMP5","UNC5",0.0124218044625386,0
"In_LAMP5_PAX6","In_LAMP5_PAX6","ADGRL",0.113921691413773,0
"In_LAMP5_PAX6","In_LAMP5_PAX6","CNTN",0.0404832234934505,0
"In_LAMP5_PAX6","In_LAMP5_PAX6","FLRT",0.0093289149726088,0
"In_LAMP5_PAX6","In_LAMP5_PAX6","GABA-B",0.043874240076504,0
"In_LAMP5_PAX6","In_LAMP5_PAX6","NEGR",0.00832424515472273,0.01
"In_LAMP5_PAX6","In_LAMP5_PAX6","NGL",0.0116441608065036,0
"In_LAMP5_PAX6","In_LAMP5_PAX6","NRG",0.387131555890355,0
"In_LAMP5_PAX6","In_LAMP5_PAX6","NRXN",0.534086447110827,0.00666666666666667
"In_LAMP5_PAX6","In_LAMP5_PAX6","PTPR",0.0105915671095019,0
"In_LAMP5_PAX6","In_LAMP5_PAX6","PTPRM",0.0141003746932329,0
"In_LAMP5_PAX6","In_LAMP5_PAX6","UNC5",0.0662103125762245,0
"In_LAMP5_PAX6","In_PVALB","ADGRL",0.188859125081651,0
"In_LAMP5_PAX6","In_PVALB","CADM",0.031285088035092,0.01
"In_LAMP5_PAX6","In_PVALB","CNTN",0.0796841154625862,0
"In_LAMP5_PAX6","In_PVALB","GABA-A",0.0301331028199062,0
"In_LAMP5_PAX6","In_PVALB","GABA-B",0.0384488001889862,0
"In_LAMP5_PAX6","In_PVALB","NEGR",0.0423645564419809,0
"In_LAMP5_PAX6","In_PVALB","NRG",0.454135128676404,0
"In_LAMP5_PAX6","In_PVALB","NRXN",0.945865072617969,0
"In_LAMP5_PAX6","In_PVALB","PTPR",0.051690361866393,0
"In_LAMP5_PAX6","In_PVALB","PTPRM",0.0437362330148053,0
"In_LAMP5_PAX6","In_PVALB","UNC5",0.037478537055987,0
"In_LAMP5_PAX6","In_SST","ADGRL",0.248190292133249,0
"In_LAMP5_PAX6","In_SST","CADM",0.0350232695071147,0.01
"In_LAMP5_PAX6","In_SST","CNTN",0.0393319538492781,0
"In_LAMP5_PAX6","In_SST","GABA-B",0.0372058535254977,0
"In_LAMP5_PAX6","In_SST","NEGR",0.0363445283303644,0
"In_LAMP5_PAX6","In_SST","NRXN",0.491496290467686,0
"In_LAMP5_PAX6","In_SST","PTPR",0.0137606406248276,0
"In_LAMP5_PAX6","In_SST","PTPRM",0.0141335812548117,0
"In_LAMP5_PAX6","In_SST","UNC5",0.0104500293976659,0
"In_LAMP5_PAX6","In_VIP","ADGRL",0.0616009862431204,0
"In_LAMP5_PAX6","In_VIP","CNTN",0.0340971607607776,0
"In_LAMP5_PAX6","In_VIP","GABA-B",0.0312462515567089,0
"In_LAMP5_PAX6","In_VIP","NEGR",0.0118220048831364,0
"In_LAMP5_PAX6","In_VIP","NRG",0.44734666231532,0
"In_LAMP5_PAX6","In_VIP","NRXN",0.552005155887857,0
"In_LAMP5_PAX6","In_VIP","PTPR",0.0251767537001995,0
"In_LAMP5_PAX6","Microglia","APP",0.0768523060719017,0
"In_LAMP5_PAX6","OPCs","ADGRL",0.286858627132478,0
"In_LAMP5_PAX6","OPCs","CNTN",0.161271935826229,0
"In_LAMP5_PAX6","OPCs","NEGR",0.0119834243805498,0
"In_LAMP5_PAX6","OPCs","NGL",0.0142604144104154,0
"In_LAMP5_PAX6","OPCs","NRG",0.364385938380891,0
"In_LAMP5_PAX6","OPCs","NRXN",1.32813534099177,0
"In_LAMP5_PAX6","OPCs","PTPR",0.0766454591054878,0
"In_LAMP5_PAX6","Oligodendrocytes","ADGRL",0.053075016560384,0
"In_LAMP5_PAX6","Oligodendrocytes","NRG",0.24530540061716,0
"In_LAMP5_PAX6","Oligodendrocytes","NRXN",0.425257788687692,0
"In_LAMP5_PAX6","Oligodendrocytes","PSAP",0.00912928039460602,0
"In_LAMP5_PAX6","Oligodendrocytes","UNC5",0.0393770077958824,0
"In_LAMP5","Astrocytes","ADGRL",0.0750395356723392,0
"In_LAMP5","Astrocytes","CADM",0.0518573686130739,0
"In_LAMP5","Astrocytes","CNTN",0.0493719475397998,0
"In_LAMP5","Astrocytes","NRG",0.259458287322354,0
"In_LAMP5","Astrocytes","PTPR",0.0126055545815004,0
"In_LAMP5","Astrocytes_Reactive","ADGRL",0.0277626492169584,0
"In_LAMP5","Astrocytes_Reactive","CADM",0.0384981501101638,0
"In_LAMP5","Astrocytes_Reactive","CNTN",0.044266572117092,0
"In_LAMP5","Astrocytes_Reactive","NRG",0.233037012466281,0
"In_LAMP5","Astrocytes_Reactive","PTPR",0.0105329160306931,0
"In_LAMP5","COPs","NRG",0.232280788551655,0
"In_LAMP5","COPs","NRXN",0.513266251224581,0
"In_LAMP5","COPs","PTPR",0.0398922050471795,0
"In_LAMP5","Cajal_Retzius","ADGRL",0.0299572454315964,0
"In_LAMP5","Cajal_Retzius","CADM",0.0505351738106036,0
"In_LAMP5","Cajal_Retzius","NEGR",0.0418487702582004,0
"In_LAMP5","Cajal_Retzius","NRG",0.272399361476244,0
"In_LAMP5","Cajal_Retzius","NRXN",0.516269904544862,0
"In_LAMP5","Cajal_Retzius","PTPR",0.0371475375349851,0
"In_LAMP5","Endothelial","NRG",0.0956082309633095,0
"In_LAMP5","Endothelial","NRXN",0.327941704893395,0
"In_LAMP5","Endothelial","PTPR",0.0133983163853343,0
"In_LAMP5","Ex_L2_3","ADGRL",0.164823658554394,0
"In_LAMP5","Ex_L2_3","CADM",0.0585878109744877,0
"In_LAMP5","Ex_L2_3","CNTN",0.0364136808681755,0
"In_LAMP5","Ex_L2_3","NEGR",0.0336268122049993,0
"In_LAMP5","Ex_L2_3","NRXN",1.41229320539251,0
"In_LAMP5","Ex_L2_3","PTPR",0.144123035958639,0
"In_LAMP5","Ex_L5_6","ADGRL",0.133608755204315,0
"In_LAMP5","Ex_L5_6","APP",0.00910334012505254,0
"In_LAMP5","Ex_L5_6","CADM",0.0330840852938226,0
"In_LAMP5","Ex_L5_6","CNTN",0.0418147056780638,0
"In_LAMP5","Ex_L5_6","NEGR",0.0481789826140583,0
"In_LAMP5","Ex_L5_6","NRXN",1.60229986765514,0
"In_LAMP5","Ex_L5_6","PTPR",0.133497052367724,0
"In_LAMP5","Ex_L6b","ADGRL",0.0267103707423634,0
"In_LAMP5","Ex_L6b","APP",0.00742058616857439,0
"In_LAMP5","Ex_L6b","CADM",0.00772662378514535,0
"In_LAMP5","Ex_L6b","CNTN",0.0341855969593708,0
"In_LAMP5","Ex_L6b","NEGR",0.0346697942092685,0
"In_LAMP5","Ex_L6b","NRG",0.409054343261425,0
"In_LAMP5","Ex_L6b","NRXN",0.599635201041897,0
"In_LAMP5","Ex_L6b","PTPR",0.0730950764290105,0
"In_LAMP5","In_LAMP5","ADGRL",0.0675526070968304,0
"In_LAMP5","In_LAMP5","CDH",0.0121924898703239,0
"In_LAMP5","In_LAMP5","CNTN",0.013939455015281,0
"In_LAMP5","In_LAMP5","NEGR",0.0105193426774971,0
"In_LAMP5","In_LAMP5","NRG",0.377258266788456,0
"In_LAMP5","In_LAMP5","NRXN",0.523910333943564,0
"In_LAMP5","In_LAMP5","PTPR",0.0533572143971879,0
"In_LAMP5","In_LAMP5","PTPRM",0.0186204331566107,0
"In_LAMP5","In_LAMP5_PAX6","ADGRL",0.0464007049616185,0.0025
"In_LAMP5","In_LAMP5_PAX6","CNTN",0.0156354976856907,0
"In_LAMP5","In_LAMP5_PAX6","NEGR",0.00935825457797656,0
"In_LAMP5","In_LAMP5_PAX6","NGL",0.0283913168609058,0
"In_LAMP5","In_LAMP5_PAX6","NRG",0.358506145670896,0
"In_LAMP5","In_LAMP5_PAX6","NRXN",0.544524120324135,0
"In_LAMP5","In_LAMP5_PAX6","PTPR",0.052142492610257,0
"In_LAMP5","In_LAMP5_PAX6","PTPRM",0.0162061356469423,0
"In_LAMP5","In_PVALB","ADGRL",0.0792922162416362,0
"In_LAMP5","In_PVALB","CADM",0.0316234202729652,0
"In_LAMP5","In_PVALB","CNTN",0.0315673068920603,0
"In_LAMP5","In_PVALB","NEGR",0.0474247249335415,0
"In_LAMP5","In_PVALB","NRG",0.419046897698597,0
"In_LAMP5","In_PVALB","NRXN",1.10586033546118,0
"In_LAMP5","In_PVALB","PTPR",0.0825715246433246,0
"In_LAMP5","In_PVALB","PTPRM",0.0500431852607518,0
"In_LAMP5","In_SST","ADGRL",0.103317187226655,0
"In_LAMP5","In_SST","CADM",0.0354005509272306,0
"In_LAMP5","In_SST","CNTN",0.0151796735307012,0
"In_LAMP5","In_SST","NEGR",0.0407162162305209,0
"In_LAMP5","In_SST","NRXN",0.577283390100305,0
"In_LAMP5","In_SST","PTPR",0.049154022479633,0
"In_LAMP5","In_SST","PTPRM",0.016244219593593,0
"In_LAMP5","In_VIP","ADGRL",0.025113005359706,0
"In_LAMP5","In_VIP","CNTN",0.0131154851808895,0
"In_LAMP5","In_VIP","NEGR",0.0132846737515041,0
"In_LAMP5","In_VIP","NRG",0.412931485814247,0
"In_LAMP5","In_VIP","NRXN",0.645174022051464,0
"In_LAMP5","In_VIP","PTPR",0.0586531309248687,0
"In_LAMP5","Microglia","APP",0.068178881202997,0
"In_LAMP5","OPCs","ADGRL",0.123163637710521,0
"In_LAMP5","OPCs","CNTN",0.0675023108205235,0
"In_LAMP5","OPCs","NCAM",0.147723806880286,0.03
"In_LAMP5","OPCs","NEGR",0.0134657926080899,0
"In_LAMP5","OPCs","NGL",0.034638510308473,0
"In_LAMP5","OPCs","NRG",0.337860398430225,0
"In_LAMP5","OPCs","NRXN",1.51963403001328,0
"In_LAMP5","OPCs","PTPR",0.0840625082799453,0
"In_LAMP5","Oligodendrocytes","ADGRL",0.021594308408229,0
"In_LAMP5","Oligodendrocytes","NCAM",0.271911272941359,0
"In_LAMP5","Oligodendrocytes","NRG",0.228949582327033,0
"In_LAMP5","Oligodendrocytes","NRXN",0.492358004697814,0
"In_LAMP5","Oligodendrocytes","PTPR",0.040730694322538,0
"In_PVALB","Astrocytes","ADGRL",0.452954872824001,0
"In_PVALB","Astrocytes","CADM",0.111450440689038,0
"In_PVALB","Astrocytes","CNTN",0.043703770331605,0
"In_PVALB","Astrocytes","COLLAGEN",0.0113290767019824,0
"In_PVALB","Astrocytes","NRG",0.24019999188016,0
"In_PVALB","Astrocytes","PTPR",0.012491629806163,0
"In_PVALB","Astrocytes_Reactive","ADGRL",0.180399409199782,0
"In_PVALB","Astrocytes_Reactive","CADM",0.0841009104780777,0
"In_PVALB","Astrocytes_Reactive","CNTN",0.0391603757240878,0
"In_PVALB","Astrocytes_Reactive","COLLAGEN",0.0279072049009932,0
"In_PVALB","Astrocytes_Reactive","NRG",0.216958197410901,0
"In_PVALB","Astrocytes_Reactive","PTPR",0.0104375250577859,0
"In_PVALB","COPs","CADM",0.0358899897079016,0
"In_PVALB","COPs","NRG",0.216288715967558,0
"In_PVALB","COPs","NRXN",0.266324695163624,0
"In_PVALB","COPs","PTPR",0.0366069507184442,0
"In_PVALB","COPs","SLIT",0.0511405004090896,0
"In_PVALB","Cajal_Retzius","ADGRL",0.193958716926485,0
"In_PVALB","Cajal_Retzius","CADM",0.108783144335482,0
"In_PVALB","Cajal_Retzius","NEGR",0.169805811625809,0
"In_PVALB","Cajal_Retzius","NRG",0.251477234479909,0
"In_PVALB","Cajal_Retzius","NRXN",0.267862963476221,0
"In_PVALB","Cajal_Retzius","PTPR",0.0340802922875905,0
"In_PVALB","Endothelial","CADM",0.0312472877325135,0
"In_PVALB","Endothelial","NRG",0.0915307981877351,0
"In_PVALB","Endothelial","NRXN",0.170960646759182,0
"In_PVALB","Endothelial","PTPR",0.0122670439160107,0
"In_PVALB","Ex_L2_3","ADGRL",0.970014048202183,0
"In_PVALB","Ex_L2_3","CADM",0.127470337802457,0
"In_PVALB","Ex_L2_3","CNTN",0.0321828211535718,0
"In_PVALB","Ex_L2_3","NEGR",0.140120767814236,0
"In_PVALB","Ex_L2_3","NRXN",0.83217023642095,0
"In_PVALB","Ex_L2_3","PTPR",0.139259513667143,0
"In_PVALB","Ex_L2_3","SLIT",0.182542550717622,0
"In_PVALB","Ex_L5_6","ADGRL",0.816312943135604,0
"In_PVALB","Ex_L5_6","APP",0.0205168723767754,0
"In_PVALB","Ex_L5_6","CADM",0.0727589473895219,0
"In_PVALB","Ex_L5_6","CNTN",0.036980391276399,0
"In_PVALB","Ex_L5_6","NEGR",0.191620456783998,0
"In_PVALB","Ex_L5_6","NRXN",0.935520059384707,0
"In_PVALB","Ex_L5_6","PTPR",0.127798377100791,0
"In_PVALB","Ex_L5_6","SLIT",0.0323761342700426,0
"In_PVALB","Ex_L6b","ADGRL",0.173863492875274,0
"In_PVALB","Ex_L6b","APP",0.0167600100705814,0
"In_PVALB","Ex_L6b","CADM",0.109232513216003,0
"In_PVALB","Ex_L6b","CNTN",0.0302055004615171,0
"In_PVALB","Ex_L6b","NEGR",0.143974702308861,0
"In_PVALB","Ex_L6b","NRG",0.366106894224267,0
"In_PVALB","Ex_L6b","NRXN",0.363709153252258,0.005
"In_PVALB","Ex_L6b","PTPR",0.0708016028627682,0
"In_PVALB","In_LAMP5","ADGRL",0.412332163297818,0
"In_PVALB","In_LAMP5","CADM",0.0316234202729652,0
"In_PVALB","In_LAMP5","CNTN",0.0122865515933396,0
"In_PVALB","In_LAMP5","NEGR",0.0474247249335415,0
"In_PVALB","In_LAMP5","NRG",0.340183059701932,0
"In_PVALB","In_LAMP5","NRXN",0.358647608639724,0.00666666666666667
"In_PVALB","In_LAMP5","PTPR",0.0515253586943991,0
"In_PVALB","In_LAMP5","PTPRM",0.0500431852607518,0
"In_PVALB","In_LAMP5","SLIT",0.238755300081905,0
"In_PVALB","In_LAMP5_PAX6","ADGRL",0.303645901451061,0
"In_PVALB","In_LAMP5_PAX6","CADM",0.031285088035092,0.01
"In_PVALB","In_LAMP5_PAX6","CNTN",0.013784293423401,0
"In_PVALB","In_LAMP5_PAX6","NEGR",0.0423645564419809,0
"In_PVALB","In_LAMP5_PAX6","NGL",0.0513520373040637,0
"In_PVALB","In_LAMP5_PAX6","NRG",0.324677153759873,0
"In_PVALB","In_LAMP5_PAX6","NRXN",0.367104704621122,0.006
"In_PVALB","In_LAMP5_PAX6","PTPR",0.0485333816214209,0
"In_PVALB","In_LAMP5_PAX6","PTPRM",0.0437362330148053,0
"In_PVALB","In_LAMP5_PAX6","SLIT",0.0334082795935227,0
"In_PVALB","In_PVALB","ADGRL",0.475643157294167,0
"In_PVALB","In_PVALB","CADM",0.0696728521712871,0
"In_PVALB","In_PVALB","CNTN",0.0278832470411655,0
"In_PVALB","In_PVALB","JAM",0.00393986275301493,0
"In_PVALB","In_PVALB","NEGR",0.189066639336449,0
"In_PVALB","In_PVALB","NRG",0.374156920246921,0
"In_PVALB","In_PVALB","NRXN",0.633017225018485,0
"In_PVALB","In_PVALB","PTPR",0.0792693247874181,0
"In_PVALB","In_PVALB","PTPRM",0.127598559196036,0
"In_PVALB","In_PVALB","SLIT",0.186513745787283,0
"In_PVALB","In_SST","ADGRL",0.635276828201262,0
"In_PVALB","In_SST","CADM",0.0776303177249256,0
"In_PVALB","In_SST","CNTN",0.0133817040601744,0
"In_PVALB","In_SST","NEGR",0.165809614942183,0
"In_PVALB","In_SST","NRXN",0.314711564268773,0.00666666666666667
"In_PVALB","In_SST","PTPR",0.0460362053168384,0
"In_PVALB","In_SST","PTPRM",0.0438361291957844,0
"In_PVALB","In_SST","SLIT",0.471054792572086,0
"In_PVALB","In_VIP","ADGRL",0.163898869924131,0
"In_PVALB","In_VIP","CADM",0.0344383554104283,0
"In_PVALB","In_VIP","CNTN",0.0115591405643266,0
"In_PVALB","In_VIP","NEGR",0.0593102369508956,0
"In_PVALB","In_VIP","NRG",0.369235890278183,0
"In_PVALB","In_VIP","NRXN",0.349744279779538,0.00333333333333333
"In_PVALB","In_VIP","PTPR",0.0555300129824488,0
"In_PVALB","In_VIP","SLIT",0.329741915745052,0
"In_PVALB","Microglia","APP",0.147434169380261,0
"In_PVALB","OPCs","ADGRL",0.694874603521371,0
"In_PVALB","OPCs","CADM",0.0368854258592773,0
"In_PVALB","OPCs","CNTN",0.059883785759433,0
"In_PVALB","OPCs","NEGR",0.0600806451169791,0
"In_PVALB","OPCs","NGL",0.0623273867719798,0
"In_PVALB","OPCs","NRG",0.307422468338637,0
"In_PVALB","OPCs","NRXN",0.934254304900921,0
"In_PVALB","OPCs","PTPR",0.0823902784413138,0
"In_PVALB","Oligodendrocytes","ADGRL",0.141763167155984,0
"In_PVALB","Oligodendrocytes","CADM",0.0363108550805173,0
"In_PVALB","Oligodendrocytes","NRG",0.213336811533301,0
"In_PVALB","Oligodendrocytes","NRXN",0.255610431065505,0
"In_PVALB","Oligodendrocytes","PTPR",0.0373790760009597,0
"In_PVALB","Oligodendrocytes","SLIT",0.0464060337504264,0
"In_SST","Astrocytes","ADGRL",0.395003300784963,0
"In_SST","Astrocytes","CADM",0.123545756064333,0
"In_SST","Astrocytes","CNTN",0.0508569162046046,0
"In_SST","Astrocytes","NRG",0.223178299490362,0
"In_SST","Astrocytes_Reactive","ADGRL",0.156233363168125,0
"In_SST","Astrocytes_Reactive","CADM",0.0935405462755128,0
"In_SST","Astrocytes_Reactive","CNTN",0.045605352163868,0
"In_SST","Astrocytes_Reactive","NRG",0.201147498671077,0
"In_SST","COPs","CADM",0.0401555917075341,0
"In_SST","COPs","NCAM",0.0981579017774407,0.02
"In_SST","COPs","NRG",0.200514312079029,0
"In_SST","COPs","NRXN",0.473268005917729,0
"In_SST","COPs","PTPR",0.052075441526299,0
"In_SST","COPs","SLIT",0.0137048985860862,0
"In_SST","Cajal_Retzius","ADGRL",0.168033966558726,0
"In_SST","Cajal_Retzius","CADM",0.120628285970933,0
"In_SST","Cajal_Retzius","NEGR",0.1484842354389,0
"In_SST","Cajal_Retzius","NRG",0.233902402718321,0
"In_SST","Cajal_Retzius","NRXN",0.476055007490689,0
"In_SST","Cajal_Retzius","PTPR",0.0485349156713939,0
"In_SST","Endothelial","CADM",0.0349811156361718,0
"In_SST","Endothelial","NRG",0.0838813985419253,0
"In_SST","Endothelial","NRXN",0.301945832950132,0
"In_SST","Endothelial","PTPR",0.0176388670526692,0
"In_SST","Ex_L2_3","ADGRL",0.847838131363994,0
"In_SST","Ex_L2_3","CADM",0.141671296948632,0
"In_SST","Ex_L2_3","CDH",0.0105153264353174,0
"In_SST","Ex_L2_3","CNTN",0.0375242860734305,0
"In_SST","Ex_L2_3","EPHA",0.0225293267381148,0
"In_SST","Ex_L2_3","NEGR",0.121978920184652,0
"In_SST","Ex_L2_3","NRXN",1.30304214366796,0
"In_SST","Ex_L2_3","PTPR",0.0639888252494085,0
"In_SST","Ex_L2_3","SLIT",0.051978000807775,0
"In_SST","Ex_L5_6","ADGRL",0.711069864246699,0
"In_SST","Ex_L5_6","APP",0.0101009576296318,0
"In_SST","Ex_L5_6","CADM",0.0810381790444803,0
"In_SST","Ex_L5_6","CDH",0.0108095760987107,0
"In_SST","Ex_L5_6","CNTN",0.0430826751716075,0
"In_SST","Ex_L5_6","EPHA",0.0329387459748247,0
"In_SST","Ex_L5_6","NEGR",0.16811441332614,0
"In_SST","Ex_L5_6","NRXN",1.47652476299658,0
"In_SST","Ex_L5_6","PTPR",0.0817470825150473,0
"In_SST","Ex_L5_6","SLIT",0.00855251848890249,0
"In_SST","Ex_L6b","ADGRL",0.150548070040825,0
"In_SST","Ex_L6b","APP",0.00823532653592787,0
"In_SST","Ex_L6b","CADM",0.121558698933407,0
"In_SST","Ex_L6b","CNTN",0.0352307309503486,0
"In_SST","Ex_L6b","NEGR",0.125406646808633,0
"In_SST","Ex_L6b","NRG",0.344204857485671,0
"In_SST","Ex_L6b","NRXN",0.55259260763089,0
"In_SST","Ex_L6b","PTPR",0.0286363417036848,0
"In_SST","In_LAMP5","ADGRL",0.359204753091811,0
"In_SST","In_LAMP5","CADM",0.0354005509272306,0
"In_SST","In_LAMP5","CNTN",0.0143748294500221,0
"In_SST","In_LAMP5","NEGR",0.0407162162305209,0
"In_SST","In_LAMP5","NRG",0.319051309291939,0
"In_SST","In_LAMP5","NRXN",0.567029402599491,0.005
"In_SST","In_LAMP5","PTPR",0.0236201302730248,0
"In_SST","In_LAMP5","PTPRM",0.016244219593593,0
"In_SST","In_LAMP5","SLIT",0.0695549860571275,0
"In_SST","In_LAMP5_PAX6","ADGRL",0.262792318002081,0
"In_SST","In_LAMP5_PAX6","CADM",0.0350232695071147,0.01
"In_SST","In_LAMP5_PAX6","CNTN",0.0161229788842725,0
"In_SST","In_LAMP5_PAX6","NEGR",0.0363445283303644,0
"In_SST","In_LAMP5_PAX6","NRG",0.304064734144055,0
"In_SST","In_LAMP5_PAX6","NRXN",0.581225470990457,0.005
"In_SST","In_LAMP5_PAX6","PTPR",0.0553868828955658,0
"In_SST","In_LAMP5_PAX6","PTPRM",0.0141335812548117,0
"In_SST","In_LAMP5_PAX6","SLIT",0.00883210359654124,0
"In_SST","In_PVALB","ADGRL",0.415030109708993,0
"In_SST","In_PVALB","CADM",0.0776303177249256,0
"In_SST","In_PVALB","CNTN",0.0325350901338683,0
"In_SST","In_PVALB","NEGR",0.165809614942183,0
"In_SST","In_PVALB","NRG",0.352040752522242,0
"In_SST","In_PVALB","NRXN",1.01887174988737,0
"In_SST","In_PVALB","PTPR",0.045061273801229,0
"In_SST","In_PVALB","PTPRM",0.0438361291957844,0
"In_SST","In_PVALB","SLIT",0.0531566506316153,0
"In_SST","In_SST","ADGRL",0.553008928583959,0
"In_SST","In_SST","CADM",0.086412204055402,0
"In_SST","In_SST","CDH",0.011454569204741,0
"In_SST","In_SST","CNTN",0.0156531691025538,0
"In_SST","In_SST","NEGR",0.144902238238925,0
"In_SST","In_SST","NRXN",0.531645457218138,0
"In_SST","In_SST","PTPR",0.0474766639822846,0
"In_SST","In_SST","PTPRM",0.0141668648945448,0
"In_SST","In_SST","SLIT",0.14755169872609,0
"In_SST","In_VIP","ADGRL",0.141883912213696,0
"In_SST","In_VIP","CADM",0.0385383240977723,0
"In_SST","In_VIP","CNTN",0.0135254773649145,0
"In_SST","In_VIP","NEGR",0.0510104845372959,0
"In_SST","In_VIP","NRG",0.347249207180025,0
"In_SST","In_VIP","NRXN",0.594412984944487,0
"In_SST","In_VIP","PTPR",0.0460036927737426,0
"In_SST","In_VIP","SLIT",0.0975993031974844,0
"In_SST","Microglia","APP",0.0753702186134715,0
"In_SST","OPCs","ADGRL",0.609793307931727,0
"In_SST","OPCs","CADM",0.0412642738728406,0
"In_SST","OPCs","CNTN",0.0694927263698851,0
"In_SST","OPCs","NCAM",0.146904919814518,0.01
"In_SST","OPCs","NEGR",0.0516790061306208,0
"In_SST","OPCs","NRG",0.287439227821395,0
"In_SST","OPCs","NRXN",1.40428478651418,0
"In_SST","OPCs","PTPR",0.0163583504666541,0
"In_SST","Oligodendrocytes","ADGRL",0.122652690445495,0
"In_SST","Oligodendrocytes","CADM",0.0406243701223651,0
"In_SST","Oligodendrocytes","NCAM",0.270393478792981,0
"In_SST","Oligodendrocytes","NRG",0.197723380978445,0
"In_SST","Oligodendrocytes","NRXN",0.453878797017839,0
"In_SST","Oligodendrocytes","PTPR",0.053155831116377,0
"In_SST","Oligodendrocytes","SLIT",0.0123908739268913,0
"In_VIP","Astrocytes","ADGRL",0.147531931740098,0
"In_VIP","Astrocytes","CADM",0.0563685721178802,0
"In_VIP","Astrocytes","CNTN",0.0476323847876095,0
"In_VIP","Astrocytes","NRG",0.241564915207454,0
"In_VIP","Astrocytes_Reactive","ADGRL",0.0567993157316985,0
"In_VIP","Astrocytes_Reactive","CADM",0.0418985571163365,0
"In_VIP","Astrocytes_Reactive","CNTN",0.0426988116364491,0
"In_VIP","Astrocytes_Reactive","NRG",0.218228983587167,0
"In_VIP","COPs","NCAM",0.105082206091465,0
"In_VIP","COPs","NRG",0.217556670287566,0
"In_VIP","COPs","NRXN",0.527018714496897,0
"In_VIP","Cajal_Retzius","ADGRL",0.0611724913232344,0
"In_VIP","Cajal_Retzius","CADM",0.0549380208896872,0
"In_VIP","Cajal_Retzius","NEGR",0.0524137365076656,0
"In_VIP","Cajal_Retzius","NRG",0.252884911548244,0
"In_VIP","Cajal_Retzius","NRXN",0.530071201840989,0
"In_VIP","Endothelial","NRG",0.0921533802206893,0
"In_VIP","Endothelial","NRXN",0.337988760520712,0
"In_VIP","Ex_L2_3","ADGRL",0.319363853603238,0
"In_VIP","Ex_L2_3","CADM",0.0637419273755,0
"In_VIP","Ex_L2_3","CNTN",0.0351138229367298,0
"In_VIP","Ex_L2_3","NEGR",0.0422075330318242,0
"In_VIP","Ex_L2_3","NRXN",1.45116439064521,0
"In_VIP","Ex_L5_6","ADGRL",0.264435567921414,0
"In_VIP","Ex_L5_6","APP",0.0102397124146205,0
"In_VIP","Ex_L5_6","CADM",0.0360242036131231,0
"In_VIP","Ex_L5_6","CNTN",0.0403301170417008,0
"In_VIP","Ex_L5_6","NEGR",0.0602415710819852,0
"In_VIP","Ex_L5_6","NRXN",1.64975730021236,0
"In_VIP","Ex_L6b","ADGRL",0.0546965578612881,0
"In_VIP","Ex_L6b","APP",0.00834866967010551,0
"In_VIP","Ex_L6b","CADM",0.0543021357017917,0.01
"In_VIP","Ex_L6b","CNTN",0.0329625540858574,0
"In_VIP","Ex_L6b","NEGR",0.0435046765830102,0
"In_VIP","Ex_L6b","NRG",0.367840902446046,0
"In_VIP","Ex_L6b","NRXN",0.617037215369164,0
"In_VIP","In_LAMP5","ADGRL",0.13362906797558,0
"In_VIP","In_LAMP5","CNTN",0.0134306766636091,0
"In_VIP","In_LAMP5","NEGR",0.0132846737515041,0
"In_VIP","In_LAMP5","NRG",0.34186050162032,0
"In_VIP","In_LAMP5","NRXN",0.634014513634354,0
"In_VIP","In_LAMP5_PAX6","ADGRL",0.0952840274810948,0
"In_VIP","In_LAMP5_PAX6","CNTN",0.0150657610239304,0
"In_VIP","In_LAMP5_PAX6","NEGR",0.0118220048831364,0
"In_VIP","In_LAMP5_PAX6","NGL",0.0365858792185384,0
"In_VIP","In_LAMP5_PAX6","NRG",0.326315949582942,0
"In_VIP","In_LAMP5_PAX6","NRXN",0.651483656314841,0
"In_VIP","In_PVALB","ADGRL",0.155355235846882,0
"In_VIP","In_PVALB","CADM",0.0344383554104283,0
"In_VIP","In_PVALB","CNTN",0.0304349855563196,0
"In_VIP","In_PVALB","NEGR",0.0593102369508956,0
"In_VIP","In_PVALB","NRG",0.375906445968578,0
"In_VIP","In_PVALB","NRXN",1.1385420249871,0
"In_VIP","In_SST","ADGRL",0.205129582109347,0
"In_VIP","In_SST","CADM",0.0385383240977723,0
"In_VIP","In_SST","CNTN",0.0146262996964947,0
"In_VIP","In_SST","NEGR",0.0510104845372959,0
"In_VIP","In_SST","NRXN",0.594956144848347,0
"In_VIP","In_VIP","ADGRL",0.0514972326486649,0
"In_VIP","In_VIP","CNTN",0.0126363956314138,0
"In_VIP","In_VIP","NEGR",0.0167646400570698,0
"In_VIP","In_VIP","NRG",0.370976045327103,0
"In_VIP","In_VIP","NRXN",0.66418833544252,0
"In_VIP","Microglia","APP",0.0763662478288845,0
"In_VIP","OPCs","ADGRL",0.233123917776814,0
"In_VIP","OPCs","CNTN",0.0651677373035456,0
"In_VIP","OPCs","NCAM",0.258682924287059,0.015
"In_VIP","OPCs","NEGR",0.0169923865723407,0
"In_VIP","OPCs","NGL",0.0445535120485421,0
"In_VIP","OPCs","NRG",0.309014023485999,0
"In_VIP","OPCs","NRXN",1.5571119216596,0
"In_VIP","Oligodendrocytes","ADGRL",0.0444183395042138,0
"In_VIP","Oligodendrocytes","NCAM",0.288502840753294,0
"In_VIP","Oligodendrocytes","NRG",0.214592199215785,0
"In_VIP","Oligodendrocytes","NRXN",0.505760758975087,0
"Microglia","Astrocytes","SPP1",0.0536454871064719,0
"Microglia","Astrocytes_Reactive","SPP1",0.124357511684122,0
"OPCs","Astrocytes","CADM",0.0602766496055128,0
"OPCs","Astrocytes","CNTN",0.0598901843736641,0
"OPCs","Astrocytes","NRG",0.160355904943513,0
"OPCs","Astrocytes","PTN",0.0421109716372686,0
"OPCs","Astrocytes_Reactive","CADM",0.0448511003174715,0
"OPCs","Astrocytes_Reactive","CNTN",0.053758663450034,0
"OPCs","Astrocytes_Reactive","NRG",0.143381915956423,0
"OPCs","Astrocytes_Reactive","PTN",0.0149933467363201,0
"OPCs","COPs","NCAM",0.276953023604131,0
"OPCs","COPs","NRG",0.142898040886384,0
"OPCs","COPs","NRXN",0.254002989528484,0
"OPCs","COPs","PSAP",0.0141675653831411,0
"OPCs","Cajal_Retzius","CADM",0.0587530924317391,0
"OPCs","Cajal_Retzius","NEGR",0.0530996195062883,0
"OPCs","Cajal_Retzius","NRG",0.168716916450653,0
"OPCs","Cajal_Retzius","NRXN",0.255494872646401,0
"OPCs","Endothelial","NCAM",0.148583229251644,0
"OPCs","Endothelial","NRXN",0.162076353154922,0
"OPCs","Ex_L2_3","CADM",0.0682146800706484,0
"OPCs","Ex_L2_3","CNTN",0.0442999265112878,0
"OPCs","Ex_L2_3","NEGR",0.0427658859141944,0
"OPCs","Ex_L2_3","NRXN",0.698747924658385,0
"OPCs","Ex_L5_6","APP",0.0101703600581254,0
"OPCs","Ex_L5_6","CADM",0.0385794565752153,0
"OPCs","Ex_L5_6","CNTN",0.0508089930318985,0
"OPCs","Ex_L5_6","NEGR",0.0610232920024645,0
"OPCs","Ex_L5_6","NRXN",0.792178842547355,0
"OPCs","Ex_L6b","APP",0.0082920178203021,0
"OPCs","Ex_L6b","CADM",0.0581366837104958,0
"OPCs","Ex_L6b","CNTN",0.0416101357310238,0
"OPCs","Ex_L6b","NEGR",0.0440793993362425,0
"OPCs","Ex_L6b","NRG",0.258658261999342,0
"OPCs","Ex_L6b","NRXN",0.296519993806801,0
"OPCs","Ex_L6b","PTN",0.0153224285863818,0
"OPCs","In_LAMP5","CNTN",0.0170444704557439,0
"OPCs","In_LAMP5","NEGR",0.0134657926080899,0
"OPCs","In_LAMP5","NRG",0.237492277517467,0
"OPCs","In_LAMP5","NRXN",0.304301646198319,0
"OPCs","In_LAMP5","PTN",0.0128748647003611,0
"OPCs","In_LAMP5_PAX6","CNTN",0.0191109847784171,0
"OPCs","In_LAMP5_PAX6","NEGR",0.0119834243805498,0
"OPCs","In_LAMP5_PAX6","NGL",0.077181599346053,0
"OPCs","In_LAMP5_PAX6","NRG",0.225070472099346,0
"OPCs","In_LAMP5_PAX6","NRXN",0.311807653038987,0
"OPCs","In_LAMP5_PAX6","PTN",0.0395432144705462,0
"OPCs","In_PVALB","CADM",0.0368854258592773,0
"OPCs","In_PVALB","CNTN",0.0384458329378502,0
"OPCs","In_PVALB","NEGR",0.0600806451169791,0
"OPCs","In_PVALB","NRG",0.265334623597831,0
"OPCs","In_PVALB","NRXN",0.546748406319816,0
"OPCs","In_PVALB","PTN",0.0105598512234258,0
"OPCs","In_SST","CADM",0.0412642738728406,0
"OPCs","In_SST","CNTN",0.0185557491526835,0
"OPCs","In_SST","NEGR",0.0516790061306208,0
"OPCs","In_SST","NRXN",0.285310495795835,0
"OPCs","In_VIP","CNTN",0.016039946811615,0
"OPCs","In_VIP","NCAM",0.102012350508633,0.03
"OPCs","In_VIP","NEGR",0.0169923865723407,0
"OPCs","In_VIP","NRG",0.261247401857412,0
"OPCs","In_VIP","NRXN",0.31898903471501,0
"OPCs","Microglia","APP",0.0758685401241293,0
"OPCs","OPCs","CNTN",0.0815517003634461,0
"OPCs","OPCs","NCAM",0.299165749059676,0
"OPCs","OPCs","NEGR",0.0172231728130966,0
"OPCs","OPCs","NGL",0.0931354544960635,0
"OPCs","OPCs","NRG",0.211451834437819,0
"OPCs","OPCs","NRXN",0.752602024545536,0
"OPCs","OPCs","PTN",0.094738247211726,0
"OPCs","Oligodendrocytes","NCAM",0.332740198637127,0
"OPCs","Oligodendrocytes","NRG",0.140767860453287,0
"OPCs","Oligodendrocytes","NRXN",0.243619828405835,0
"OPCs","Oligodendrocytes","PSAP",0.0139143448029706,0
"Oligodendrocytes","Astrocytes","CADM",0.0593601669792833,0
"Oligodendrocytes","Astrocytes","COLLAGEN",0.0144531929071975,0
"Oligodendrocytes","Astrocytes","SPP1",0.0511505656940516,0
"Oligodendrocytes","Astrocytes_Reactive","CADM",0.0441581359304242,0
"Oligodendrocytes","Astrocytes_Reactive","COLLAGEN",0.0354390507611672,0
"Oligodendrocytes","Astrocytes_Reactive","NCAM",0.129089440663704,0
"Oligodendrocytes","Astrocytes_Reactive","SPP1",0.118987434842366,0
"Oligodendrocytes","COPs","CLDN",0.0194248940433263,0
"Oligodendrocytes","COPs","CNTN",0.0129788991254413,0
"Oligodendrocytes","COPs","MAG",0.0170548352000623,0
"Oligodendrocytes","COPs","NCAM",0.309849485429304,0
"Oligodendrocytes","COPs","NRXN",0.0704647740546532,0
"Oligodendrocytes","Cajal_Retzius","CADM",0.0578583486260367,0
"Oligodendrocytes","Cajal_Retzius","NRXN",0.0709812199562835,0
"Oligodendrocytes","Endothelial","CLDN",0.0184980932985292,0
"Oligodendrocytes","Endothelial","NCAM",0.166043185876445,0
"Oligodendrocytes","Ex_L2_3","CADM",0.0671651294111803,0
"Oligodendrocytes","Ex_L2_3","NCAM",0.113950758652815,0
"Oligodendrocytes","Ex_L2_3","NRXN",0.148663983418295,0
"Oligodendrocytes","Ex_L5_6","APP",0.0113852227839731,0
"Oligodendrocytes","Ex_L5_6","CADM",0.0379795381764707,0
"Oligodendrocytes","Ex_L5_6","NRXN",0.154039716205429,0
"Oligodendrocytes","Ex_L6b","APP",0.00928461472227034,0
"Oligodendrocytes","Ex_L6b","CADM",0.0572366077246539,0.01
"Oligodendrocytes","Ex_L6b","NCAM",0.113511903979396,0
"Oligodendrocytes","Ex_L6b","NRXN",0.0785763905216759,0.005
"Oligodendrocytes","In_LAMP5","NCAM",0.24504845233506,0
"Oligodendrocytes","In_LAMP5","NRXN",0.0576958085379341,0
"Oligodendrocytes","In_LAMP5_PAX6","NRXN",0.0572936917152892,0
"Oligodendrocytes","In_PVALB","CADM",0.0363108550805173,0
"Oligodendrocytes","In_PVALB","NRXN",0.0872396173790873,0
"Oligodendrocytes","In_SST","CADM",0.0406243701223651,0
"Oligodendrocytes","In_SST","NCAM",0.107252993067508,0
"Oligodendrocytes","In_SST","NRXN",0.0211919731650949,0
"Oligodendrocytes","In_VIP","NCAM",0.114737261268276,0
"Oligodendrocytes","In_VIP","NRXN",0.0213564298284934,0
"Oligodendrocytes","Microglia","APP",0.0845504462543816,0
"Oligodendrocytes","OPCs","NCAM",0.333986140982891,0
"Oligodendrocytes","OPCs","NRXN",0.221486976787594,0
"Oligodendrocytes","Oligodendrocytes","CLDN",0.020066990752261,0
"Oligodendrocytes","Oligodendrocytes","CNTN",0.0324126345664416,0
"Oligodendrocytes","Oligodendrocytes","MAG",0.0173200152362414,0
"Oligodendrocytes","Oligodendrocytes","NCAM",0.370599396399519,0
"Oligodendrocytes","Oligodendrocytes","NRXN",0.0669113618081724,0
