"geneID","baseMean","log2FoldChange","lfcSE","stat","pvalue","padj","Symbol","celltype"
"EHBP1",8.80298427924398,-2.60258589810443,0.283455517306796,-9.18163782039755,4.24583748983534e-20,8.13502463052451e-17,"EHBP1","Vascular"
"PTMA",20.6140647445749,1.97844593724617,0.217631124555898,9.09082256172418,9.82925704671876e-20,9.41642825075657e-17,"PTMA","Vascular"
"MAPK10",9.16325291629185,-2.29604619724452,0.258969753424589,-8.86607863227982,7.57669785304933e-19,4.83898436214751e-16,"MAPK10","Vascular"
"LRMDA",4.76546391727879,-3.99908745538736,0.486079606669995,-8.22722739343883,1.91596527150664e-16,9.1774736505168e-14,"LRMDA","Vascular"
"THRB",2.34626867982415,-4.36895994701863,0.555031115798736,-7.871558589524,3.50250045222223e-15,1.34215817329156e-12,"THRB","Vascular"
"AGBL4",4.30930505595553,-4.78156710182094,0.633689379098763,-7.54560082515714,4.50207048100059e-14,1.43766117359952e-11,"AGBL4","Vascular"
"NLGN4Y",3.70047872501965,-4.03847725151972,0.542075070018381,-7.45003316862142,9.33167679345914e-14,2.55421324803825e-11,"NLGN4Y","Vascular"
"ROBO2",5.49007146495844,-5.77564744578924,0.793268512797965,-7.2808227638051,3.31790350156805e-13,7.94637888625548e-11,"ROBO2","Vascular"
"CNTN5",2.40242369977602,-4.24170891630344,0.611388169479558,-6.93783283362218,3.98160451615365e-12,8.47639361438934e-10,"CNTN5","Vascular"
"PRKCB",3.35280791227234,-3.10046027329437,0.461605252534118,-6.71669192729823,1.85896410069479e-11,3.56177521693122e-09,"PRKCB","Vascular"
"HSP90AA1",17.6422899758287,2.01344971240044,0.30052353123727,6.69980718019307,2.08694729739693e-11,3.63508274710228e-09,"HSP90AA1","Vascular"
"NRXN1",9.30574550546899,-5.97969952152855,0.896648210963057,-6.66894713937585,2.57645022716894e-11,3.797291257889e-09,"NRXN1","Vascular"
"GABRB2",2.65687141549561,-4.54563425276075,0.680832792591386,-6.67657948063747,2.44583446953946e-11,3.797291257889e-09,"GABRB2","Vascular"
"PATJ",3.46560496846315,-3.36171053439956,0.508822014213645,-6.60684962617996,3.92584440161303e-11,5.13905911686578e-09,"PATJ","Vascular"
"SLC4A4",2.56152940786715,-4.30692786543099,0.6524619833288,-6.60104032951843,4.08282456677376e-11,5.13905911686578e-09,"SLC4A4","Vascular"
"PDZRN4",3.26362086386444,-4.80533958392172,0.728783171375569,-6.59364784020973,4.29148986794637e-11,5.13905911686578e-09,"PDZRN4","Vascular"
"CRYAB",14.4643513630451,2.01394760198552,0.309602767047778,6.50494057656381,7.77240979046955e-11,8.75996303443509e-09,"CRYAB","Vascular"
"BMP5",2.64713272221948,-4.50636909241109,0.694955274852973,-6.48440159456948,8.90846451775257e-11,9.48256556445218e-09,"BMP5","Vascular"
"LINGO2",2.39583357332072,-4.59827972452251,0.71106507702874,-6.46674949040797,1.00133442149775e-10,1.00976671136299e-08,"LINGO2","Vascular"
"ENSG00000287292",2.60244816526748,-3.15605201775433,0.494221815200298,-6.38590187783446,1.70390235464902e-10,1.63233845575376e-08,"ENSG00000287292","Vascular"
"CELF2",16.6997269436126,-3.61812113437548,0.572636579428062,-6.31835489445886,2.64362356954168e-10,2.41199179011517e-08,"CELF2","Vascular"
"KCNMA1",6.81359674410906,-4.51966014548724,0.72251886377603,-6.25542165344525,3.96443325652604e-10,3.35610147928933e-08,"KCNMA1","Vascular"
"ADAMTS1",2.84952478433398,5.21805977582379,0.834500915848673,6.25291078382714,4.02872307012811e-10,3.35610147928933e-08,"ADAMTS1","Vascular"
"NHSL2",2.06792244611353,-3.95089185161586,0.634025669252076,-6.23143832059118,4.6217196095173e-10,3.68967282159798e-08,"NHSL2","Vascular"
"FGF14",5.69496367273494,-5.81110541396177,0.933524934186203,-6.22490648204012,4.81843333148914e-10,3.69284730525328e-08,"FGF14","Vascular"
"KCNIP4",74.9340830640706,-6.72330443278265,1.08787370441262,-6.18022515436457,6.40102441651966e-10,4.71706260848141e-08,"KCNIP4","Vascular"
"FOXP1",19.3100124743238,-1.22318644104747,0.204269511084442,-5.98810088962232,2.12305361664453e-09,1.5065817516633e-07,"FOXP1","Vascular"
"EFHD1",3.50010731208034,2.64069215039231,0.445721863726877,5.92452909604282,3.13193556639632e-09,2.14313876614834e-07,"EFHD1","Vascular"
"AHCYL2",4.93535833595446,-2.29411397716001,0.388320772891737,-5.90778072487923,3.4674712770986e-09,2.29092240238653e-07,"AHCYL2","Vascular"
"UTY",3.07275738398244,-3.61249706991204,0.617560497806241,-5.84962458373667,4.92683742774168e-09,3.14660683718436e-07,"UTY","Vascular"
"NHS",2.18909811201125,-3.16295841333438,0.543308200799724,-5.82166514085127,5.82641958420843e-09,3.6011032010785e-07,"NHS","Vascular"
"SLC12A2",5.87282387529445,1.6109785485305,0.279886037308589,5.75583749736796,8.62132904306367e-09,5.00559589288182e-07,"SLC12A2","Vascular"
"KCTD16",8.53879542212816,-6.22820305474224,1.08139208735012,-5.75943094794046,8.43979762073366e-09,5.00559589288182e-07,"KCTD16","Vascular"
"CAMK1D",2.92724047102045,-2.68433463798776,0.472395034800615,-5.6823938446363,1.32822356619944e-08,7.4849304495239e-07,"CAMK1D","Vascular"
"CACHD1",3.4131675852773,-2.39296042089849,0.421862464096374,-5.67237103216612,1.40834538277786e-08,7.70968500972109e-07,"CACHD1","Vascular"
"CPM",4.45442946541521,2.4663331635368,0.435464643410559,5.66368177269338,1.48159063153126e-08,7.88535458337192e-07,"CPM","Vascular"
"RALY",2.15645443433434,3.35066128454506,0.598410271146559,5.59927101205193,2.15255058688908e-08,1.0853386643367e-06,"RALY","Vascular"
"DANT2",4.29951997568314,-2.13917105826633,0.382017647279301,-5.59966554817908,2.14765750419653e-08,1.0853386643367e-06,"DANT2","Vascular"
"LRFN5",4.7817319549295,-3.4446372960814,0.620807076322276,-5.54864373725856,2.87894144021058e-08,1.41437225626756e-06,"LRFN5","Vascular"
"SORBS1",11.6343880602965,-1.56224717915904,0.283217818399561,-5.51606247088251,3.46679069984332e-08,1.66059274522495e-06,"SORBS1","Vascular"
"SGCD",5.72158953738656,-2.39364571055098,0.438238238969501,-5.4619736428741,4.70870002812922e-08,2.20045591558429e-06,"SGCD","Vascular"
"PHACTR1",6.86535498806183,-1.7246006728486,0.317994571947536,-5.42336512943099,5.84873490530452e-08,2.66813716156273e-06,"PHACTR1","Vascular"
"DTNA",3.47715378370828,-2.0975884409378,0.387522536911102,-5.41281665230994,6.20410078353134e-08,2.76443188401071e-06,"DTNA","Vascular"
"RSPO2",2.16286051371113,-3.54289859886219,0.657619938380211,-5.38745617657021,7.14618923481981e-08,3.11184058498062e-06,"RSPO2","Vascular"
"FGD4",2.37921014877959,-2.46566210945574,0.460866917928528,-5.35005228958119,8.79288222949346e-08,3.74381385593544e-06,"FGD4","Vascular"
"EPN2",5.09634995042421,1.70513843917395,0.320502300426535,5.32020655360257,1.03649506035765e-07,4.2253713524367e-06,"EPN2","Vascular"
"FTX",18.3774551472461,-1.04899000380258,0.197092057309494,-5.3223352484233,1.02443551506994e-07,4.2253713524367e-06,"FTX","Vascular"
"PDZRN3",7.44493768312977,-2.46628659992323,0.464818018396351,-5.30591866561468,1.12106940191704e-07,4.47493536265217e-06,"PDZRN3","Vascular"
"CSNK1E",2.52692633542392,2.62444590943498,0.497758677695774,5.27252668217473,1.34558266919836e-07,5.2615028452736e-06,"CSNK1E","Vascular"
"ENSG00000223838",1.27012860498354,-3.77739345268828,0.717116962557774,-5.2674719047438,1.38315321347328e-07,5.3002431140296e-06,"ENSG00000223838","Vascular"
"KCNMB2",3.77422089491732,-4.72012780658376,0.897059376490456,-5.26177857373299,1.42668521859624e-07,5.35986054672628e-06,"KCNMB2","Vascular"
"MEG3",18.2965522027681,-3.62837230863982,0.690323310482332,-5.25604778738336,1.47184060664686e-07,5.42316654295267e-06,"MEG3","Vascular"
"TTC28",7.56042377971195,-1.37175762267157,0.263996112488779,-5.19612811620427,2.03482051216527e-07,7.35606811567671e-06,"TTC28","Vascular"
"SYT1",18.9034165886616,-5.48103949096612,1.07885016854317,-5.08044550650388,3.76550742264304e-07,1.3360578188489e-05,"SYT1","Vascular"
"CHSY3",8.56047461047932,-1.86946913530793,0.368488000048634,-5.07335146615682,3.90869595521307e-07,1.36164753639786e-05,"CHSY3","Vascular"
"TENM3",3.56543877218905,-3.35538159695135,0.662142377006749,-5.06746239701428,4.0315411179253e-07,1.37936299677587e-05,"TENM3","Vascular"
"NAV3",13.5468577779367,-2.73582248223584,0.540284446107807,-5.0636706311733,4.11259943410299e-07,1.38241061679672e-05,"NAV3","Vascular"
"NEGR1",8.46712856346495,-1.89575474339321,0.376899264808137,-5.02987116294391,4.90809522471554e-07,1.58145838091048e-05,"NEGR1","Vascular"
"USP34",9.34934315586762,1.09773342246769,0.218317608138018,5.02814881415208,4.95237488802864e-07,1.58145838091048e-05,"USP34","Vascular"
"SERF2",8.27198045675363,1.78734285959492,0.355137051881744,5.0328256376642,4.83302675291443e-07,1.58145838091048e-05,"SERF2","Vascular"
"GPM6A",11.5008457756249,-2.35059900286853,0.468342425361496,-5.01897516769742,5.19478636487186e-07,1.63137431895345e-05,"GPM6A","Vascular"
"CALD1",12.0935792015745,1.71487877466652,0.341889540829174,5.01588545384417,5.27897744128986e-07,1.63137431895345e-05,"CALD1","Vascular"
"HSP90AB1",9.75636989118196,1.06967719970756,0.214498767844428,4.98686873802173,6.13657266157697e-07,1.8662973364415e-05,"HSP90AB1","Vascular"
"HSPA1A",18.53327223846,3.58745974036188,0.721167089008855,4.97451949074984,6.54096832075552e-07,1.95820239102618e-05,"HSPA1A","Vascular"
"MACROD2",3.87094039802668,-3.74159144988258,0.753700101056842,-4.96429739711604,6.89502207084831e-07,2.03244035196082e-05,"MACROD2","Vascular"
"SLC24A3",2.13465675540286,-4.1741574220789,0.84323697768148,-4.95015936511222,7.4152736422333e-07,2.15267640886652e-05,"SLC24A3","Vascular"
"NALF1",7.6632541575693,-3.72776958649929,0.75476273385405,-4.93899528857786,7.85261095034298e-07,2.24561232550107e-05,"NALF1","Vascular"
"MICU3",3.52386318059541,-1.86746537543841,0.378384316134612,-4.93536675757474,8.00002816752403e-07,2.25412558367295e-05,"MICU3","Vascular"
"CYP1B1",2.51682413980217,-2.76772040814068,0.562414059332567,-4.92114370580497,8.60399227890805e-07,2.38301837295807e-05,"CYP1B1","Vascular"
"TRIO",5.58754637119386,-1.36029328195873,0.27654803994973,-4.91883175959591,8.70622578846893e-07,2.38301837295807e-05,"TRIO","Vascular"
"CBR1",1.63965275382881,3.78082124412299,0.770116543765157,4.90941439283757,9.1348765643551e-07,2.46513007004287e-05,"CBR1","Vascular"
"CADPS2",8.3407411682078,-3.66399832607886,0.749571613637388,-4.88812310847641,1.01801866048654e-06,2.70906076873919e-05,"CADPS2","Vascular"
"PLEKHA5",6.42660434410143,-2.23070377297177,0.456885980498542,-4.88240801465978,1.04798129931868e-06,2.71342185066838e-05,"PLEKHA5","Vascular"
"STK24",1.80489895862897,-2.57369335880225,0.526955271852207,-4.88408314002802,1.03911226250414e-06,2.71342185066838e-05,"STK24","Vascular"
"CRIM1",5.24964785977538,-1.93418434857728,0.397618413451063,-4.86442348529548,1.14790902222157e-06,2.90718762736964e-05,"CRIM1","Vascular"
"NRG3",8.48018061904658,-4.5814354864381,0.942222645955877,-4.86237038146146,1.15988330240555e-06,2.90718762736964e-05,"NRG3","Vascular"
"SAP30BP",2.6708194036416,2.16165550745118,0.444699704159005,4.86093309088028,1.16833740765899e-06,2.90718762736964e-05,"SAP30BP","Vascular"
"B3GALT1",2.13016795403086,-3.6322292004731,0.748022530423866,-4.85577513075028,1.19916724933283e-06,2.94564673041244e-05,"B3GALT1","Vascular"
"TENM2",4.90264180247206,-4.00621052070947,0.827550254093104,-4.84104802203196,1.29156153285356e-06,3.13244543917396e-05,"TENM2","Vascular"
"ZBTB38",4.16980359440777,1.59874975521154,0.332306062512426,4.81107609991845,1.50119840995698e-06,3.59537019184696e-05,"ZBTB38","Vascular"
"LMNA",2.32676661291042,2.56741264010777,0.534441950814381,4.80391300906591,1.55594450833493e-06,3.68048108391325e-05,"LMNA","Vascular"
"GRIP1",1.78951191781268,-3.64832519464359,0.766055233930801,-4.76248321667776,1.91225106246276e-06,4.46813784838859e-05,"GRIP1","Vascular"
"LSAMP",32.9807156308664,-3.18095886587185,0.669003642721758,-4.75477062117407,1.98671854439968e-06,4.58620810972263e-05,"LSAMP","Vascular"
"SAMD4A",3.50955509248785,-1.93323666842508,0.408153358873537,-4.73654479718267,2.17392704984014e-06,4.95862408034965e-05,"SAMD4A","Vascular"
"CHRM3",4.84417146768342,-4.53387666888771,0.957880232786039,-4.73323961984341,2.20964370001083e-06,4.98079685790677e-05,"CHRM3","Vascular"
"ECHDC2",2.78082966230023,-2.98881141686266,0.632030043404458,-4.72890719049256,2.25731533571369e-06,5.02908858514817e-05,"ECHDC2","Vascular"
"CSMD1",14.1946363438011,-5.33768665796994,1.13828783786144,-4.68922400857601,2.74243043387135e-06,6.03965139229598e-05,"CSMD1","Vascular"
"DAAM2",3.69849715724547,2.11461270018881,0.453843011871478,4.65934837570583,3.1721195267927e-06,6.87832735435322e-05,"DAAM2","Vascular"
"USP32",4.70505117479792,1.52869189362289,0.328195796811451,4.65786554390617,3.19504767503881e-06,6.87832735435322e-05,"USP32","Vascular"
"FARS2",2.92226082289662,-1.79752250296707,0.386128627567218,-4.65524277309418,3.23599179211802e-06,6.88906697077571e-05,"FARS2","Vascular"
"CCP110",3.28460843372742,3.32566387251376,0.71633735332018,4.64259452211937,3.44061151471638e-06,7.24418863977646e-05,"CCP110","Vascular"
"MIF",5.88080465470005,1.49430010375346,0.322782793100035,4.62942924993638,3.66674976924369e-06,7.63640495420752e-05,"MIF","Vascular"
"ITSN1",3.15601440642556,-2.24449752199261,0.485095116355064,-4.62692252780743,3.71139263430304e-06,7.64626697561788e-05,"ITSN1","Vascular"
"ENSG00000225689",4.44581271056336,-2.53199808466674,0.550164942595503,-4.60225268575199,4.17945704109431e-06,8.51897839440074e-05,"ENSG00000225689","Vascular"
"CDK14",5.19345393073997,-2.2565683342934,0.491096097264576,-4.59496287358537,4.32826324870835e-06,8.65252463557908e-05,"CDK14","Vascular"
"MYRF",2.73934844753697,3.78127763876843,0.823365958695214,4.59246292470072,4.38045349504786e-06,8.65252463557908e-05,"MYRF","Vascular"
"AKAP13",5.71316953076591,-1.81712643458515,0.39552307719909,-4.59423618832356,4.34337217025636e-06,8.65252463557908e-05,"AKAP13","Vascular"
"CTNNA2",7.74813485133089,-3.17236958684764,0.691716897107324,-4.58622537647136,4.51331390862864e-06,8.69873528519568e-05,"CTNNA2","Vascular"
"BMP6",3.94990662836771,-3.31364260871634,0.722171793202561,-4.58844092209914,4.46568645748281e-06,8.69873528519568e-05,"BMP6","Vascular"
"KLF6",3.79203329852112,-2.29755564235262,0.501103580677726,-4.58499146872041,4.54004973131299e-06,8.69873528519568e-05,"KLF6","Vascular"
"TLN2",1.67871486155819,-2.6792649430035,0.585960876844569,-4.57242974553436,4.82100891400788e-06,9.14559710815752e-05,"TLN2","Vascular"
"ERC2",8.50231859583584,-4.31635787081292,0.947473004934465,-4.55565261314382,5.22231827820738e-06,9.80976649122092e-05,"ERC2","Vascular"
"FRMD6",5.79687729339838,-2.79564981002802,0.614512574825816,-4.54937770935028,5.3804791313531e-06,0.000100087359375462,"FRMD6","Vascular"
"PABPC4",1.48077382584908,3.03134597355382,0.667381461752671,4.54214890175842,5.56836864599841e-06,0.00010165991652502,"PABPC4","Vascular"
"TARBP1",2.89622105669847,-2.78061569022288,0.612194754543539,-4.54204429160152,5.57113321248803e-06,0.00010165991652502,"TARBP1","Vascular"
"ADIPOR2",5.93338441915949,1.39125495902347,0.307345222314062,4.52668484171786,5.99161929000689e-06,0.000108301344902389,"ADIPOR2","Vascular"
"RALYL",9.39004855125914,-5.50914708323128,1.2229516851438,-4.50479536530789,6.64369323457868e-06,0.000117864039235674,"RALYL","Vascular"
"NTRK2",3.31793765232188,-1.68390931135917,0.373745149437237,-4.50550144635909,6.62163880913397e-06,0.000117864039235674,"NTRK2","Vascular"
"SETBP1",6.64705529687628,-2.334644079394,0.518540003680144,-4.50234130987914,6.72089343794299e-06,0.000118139741533016,"SETBP1","Vascular"
"HSPB1",18.6049272765796,3.20602090151205,0.71338471913665,4.49409808692291,6.98654215852235e-06,0.000121692861597535,"HSPB1","Vascular"
"KHDRBS2",6.18985913740903,-4.09500297848223,0.911595327903694,-4.49212808922475,7.05149893499091e-06,0.000121717765400384,"KHDRBS2","Vascular"
"EXT1",4.11052426978315,-2.26388183110301,0.506984471862083,-4.46538692356413,7.99241765661972e-06,0.000136727430625744,"EXT1","Vascular"
"ADK",5.49788530183667,-1.26394127050332,0.283382768228294,-4.46019099328257,8.18866454903671e-06,0.000138844967043844,"ADK","Vascular"
"AMD1",2.81758877171209,2.47440085071412,0.556979756433782,4.44253282481425,8.89060648458859e-06,0.000149424579162033,"AMD1","Vascular"
"DBI",3.19556941962648,2.05796428385164,0.465861420405439,4.41754606350661,9.98278002157589e-06,0.000166321795837734,"DBI","Vascular"
"PRKAG2",5.49486155054903,-2.73914006859828,0.621688282786796,-4.40597023369934,1.05311425393289e-05,0.000172458710302172,"PRKAG2","Vascular"
"DOCK1",5.81719174324588,1.85960680703832,0.421908559789697,4.40760625469475,1.04519329779161e-05,0.000172458710302172,"DOCK1","Vascular"
"MNAT1",5.52252389149748,-1.4118388214669,0.321598990446424,-4.39005986774731,1.13319458108444e-05,0.000184000069267609,"MNAT1","Vascular"
"GMDS",7.79950556148097,-1.50980004157004,0.345746991380886,-4.36677709194234,1.26093294551617e-05,0.000203020800303275,"GMDS","Vascular"
"SPATS2L",5.37490478570876,-1.58000556092188,0.362897189754793,-4.35386551764009,1.33757779648267e-05,0.000213566588171732,"SPATS2L","Vascular"
"KCNQ5",7.53021120617326,-4.11504983831781,0.950752066544928,-4.32820498962687,1.50329521348553e-05,0.000238042448680849,"KCNQ5","Vascular"
"EPHA4",2.31336455099569,-3.42327114311018,0.793846914355031,-4.31225602973018,1.61597151407238e-05,0.000253726002118816,"EPHA4","Vascular"
"PDZD2",5.8565936061439,-1.10222662066479,0.255823145433627,-4.30854924716246,1.64328889031028e-05,0.00025391463821246,"PDZD2","Vascular"
"RYR2",5.03518562462439,-3.23999284421921,0.752383275077453,-4.30630630895627,1.66003150866402e-05,0.000254449629648021,"RYR2","Vascular"
"MAP4K3-DT",2.03462451972064,-2.41692104836441,0.564872550568309,-4.27870153352785,1.87986735892042e-05,0.000284371638927682,"MAP4K3-DT","Vascular"
"EIF1",15.9970033376685,1.32277321505906,0.309196195479254,4.27810314098065,1.88492683422837e-05,0.000284371638927682,"EIF1","Vascular"
"ATG4C",2.95280993908289,2.30700288623784,0.540992254160361,4.2643917144773,2.00447524809648e-05,0.000294011404393489,"ATG4C","Vascular"
"PDE4D",14.098753615431,-1.53915115416187,0.360596666312973,-4.26834548943389,1.96928160049061e-05,0.000294011404393489,"PDE4D","Vascular"
"ENSG00000254787",2.64675443708632,-3.54847534917634,0.832241952370236,-4.26375447557076,2.01020323463189e-05,0.000294011404393489,"LOC124902727","Vascular"
"TPM1",4.80210019115076,-1.65488995694014,0.387878709844629,-4.26651402858135,1.98551015106458e-05,0.000294011404393489,"TPM1","Vascular"
"RSRP1",5.54225181633423,-1.21882670717963,0.286799079319397,-4.24975808873594,2.14001507733986e-05,0.000309938771961867,"RSRP1","Vascular"
"SNAP25",5.44302249797293,-5.33135439911972,1.25486038739623,-4.24856378659143,2.15145389723008e-05,0.000309938771961867,"SNAP25","Vascular"
"FA2H",2.12369768881171,3.15502389062784,0.744220767620911,4.23936555911181,2.24152386691449e-05,0.000318130350296901,"FA2H","Vascular"
"MIR99AHG",27.3432727646702,-1.53557173022297,0.362125268364748,-4.24044347183273,2.23078610918934e-05,0.000318130350296901,"MIR99AHG","Vascular"
"SLC16A12",1.83239494723127,-4.18396929053299,0.988115923544227,-4.2342899156262,2.29275005982592e-05,0.000323008023134299,"SLC16A12","Vascular"
"IL18",2.48396177155489,-4.10697434459843,0.974242922127452,-4.21555471568634,2.49164969456552e-05,0.000348467212758214,"IL18","Vascular"
"CDC14A",2.06780638957102,-2.02220631210625,0.481192560441589,-4.20248872977271,2.63996396051522e-05,0.000366534126691823,"CDC14A","Vascular"
"GABRB1",3.57246841663985,-3.96626606730357,0.945414567595953,-4.19526650344429,2.72550933215213e-05,0.000370413569418912,"GABRB1","Vascular"
"PSAP",7.2802288179799,1.0707144860123,0.255138811007093,4.19659589141273,2.70956768997345e-05,0.000370413569418912,"PSAP","Vascular"
"PLEKHB1",1.39487723110991,3.16752973997618,0.755030578332686,4.19523371751505,2.7259036162874e-05,0.000370413569418912,"PLEKHB1","Vascular"
"NBEA",7.01074538395625,-1.75751792496032,0.419571591376452,-4.18883918998087,2.80384991298264e-05,0.000378322284033432,"NBEA","Vascular"
"COL6A3",1.67584509312068,-4.06840082054516,0.977181335647295,-4.1634041422314,3.1353768895646e-05,0.000420096651776627,"COL6A3","Vascular"
"CNTN2",3.18255082399589,1.66545938257449,0.40057102865792,4.15771302321707,3.21449479038968e-05,0.000426932358850537,"CNTN2","Vascular"
"SLC8A1",4.72720019342375,-4.72181912639925,1.13599604319856,-4.1565453987888,3.23095991823214e-05,0.000426932358850537,"SLC8A1","Vascular"
"NF1",8.21419177933559,1.01656189446903,0.245740308178536,4.13673239853867,3.52286544225066e-05,0.000459170761044371,"NF1","Vascular"
"SMCHD1",4.5178162229949,-1.23534342230273,0.298527743189812,-4.1381193221873,3.50164262005862e-05,0.000459170761044371,"SMCHD1","Vascular"
"ITGA8",1.74348639275422,-3.8283864827038,0.928650163861464,-4.12252819380853,3.7473672822708e-05,0.000481876222337641,"ITGA8","Vascular"
"GPCPD1",1.38606214009942,-2.5783942986033,0.626832264489887,-4.11337202098489,3.89921248324169e-05,0.000498059407859405,"GPCPD1","Vascular"
"NNAT",1.58655542242383,-3.97986207134129,0.971526316702167,-4.09650464729651,4.19435071952651e-05,0.000532210329709457,"NNAT","Vascular"
"NUMB",2.88514492643859,-1.45192692797802,0.354882265911481,-4.09129186618802,4.28976841066629e-05,0.000540736597028724,"NUMB","Vascular"
"ZNF568",1.22203016206138,-2.69864371230992,0.66150387293625,-4.07955844662151,4.51213246139874e-05,0.000565048744839215,"ZNF568","Vascular"
"GMDS-DT",4.88276577364866,-1.31200389533521,0.321805573396165,-4.07700799426504,4.56189249254109e-05,0.000567570520500567,"GMDS-DT","Vascular"
"MDM4",2.68541381140015,1.96810080182962,0.48329810896229,4.07222946941675,4.65652697727945e-05,0.000575606818610802,"MDM4","Vascular"
"MYL6",6.35684528146255,1.66787195495268,0.410320494387699,4.06480294736817,4.80730601482128e-05,0.000590435790025486,"MYL6","Vascular"
"RPL31",20.0865042835853,-1.92035071647594,0.474446915552682,-4.04755654115471,5.1755082493955e-05,0.000631609796550432,"RPL31","Vascular"
"GALNT17",1.90478948138633,-2.81530766114918,0.698959553964673,-4.02785489543716,5.62880637859852e-05,0.000682581836797137,"GALNT17","Vascular"
"HSPA1B",4.89913970752923,3.09865944465929,0.77012532101675,4.02357818928524,5.7320541847694e-05,0.000690730554592337,"HSPA1B","Vascular"
"YBX1",2.33070306564074,2.57012380938543,0.639276400268768,4.02036397449505,5.81082937070882e-05,0.000695846817142381,"YBX1","Vascular"
"PALS2",6.02616412162363,-3.03715964972943,0.758173749657015,-4.00588869121806,6.17847411237598e-05,0.000735276794988346,"PALS2","Vascular"
"DCLK1",5.06588176256141,-4.50969308746176,1.12773543861696,-3.9988927660129,6.36395036101928e-05,0.000748056987221653,"DCLK1","Vascular"
"CADPS",7.22786426006111,-4.63989040168466,1.16259413282767,-3.99098040379705,6.5800717746381e-05,0.000768744970744305,"CADPS","Vascular"
"RBFOX1",25.5130967523848,-3.42107058718638,0.859509174872906,-3.98026069668453,6.88397327276628e-05,0.000799375320643648,"RBFOX1","Vascular"
"TBCK",4.39507886140314,-1.22613831698303,0.309619649338487,-3.96014374282355,7.49046623523049e-05,0.000864562247391664,"TBCK","Vascular"
"TNRC6A",8.77729059483057,-1.12168878782751,0.283603619902151,-3.95512859890336,7.64934947116358e-05,0.000877613987230504,"TNRC6A","Vascular"
"SNHG14",13.5663885245159,-2.1618711543379,0.547649049227209,-3.94754844802256,7.89555437665875e-05,0.000900469177718938,"SNHG14","Vascular"
"SYNPR",4.92155837446773,-4.87405389540297,1.23683071462733,-3.94076071831023,8.12236170798322e-05,0.000920854735650641,"SYNPR","Vascular"
"SLAIN1",5.25841043284027,2.11822347524633,0.538260943613574,3.93530963072632,8.30895040295456e-05,0.00093646758659182,"SLAIN1","Vascular"
"ADAM23",3.5522603459464,-3.97760794468666,1.01338815654022,-3.92505864511631,8.67086111977421e-05,0.000965035152586784,"ADAM23","Vascular"
"RBPJ",4.62725257232917,1.40508128541429,0.358007383496648,3.92472711509719,8.68281080814299e-05,0.000965035152586784,"RBPJ","Vascular"
"C8orf34",1.06544253862396,-3.49223606335666,0.889996303405055,-3.92387704307945,8.71352199360718e-05,0.000965035152586784,"C8orf34","Vascular"
"FAM133B",2.86922984297878,1.54204048848205,0.393381657310791,3.91996032307059,8.85635480535325e-05,0.000975217000405565,"FAM133B","Vascular"
"LAMP1",2.33008162296424,1.88141529842354,0.481092540890302,3.91071392406506,9.20237147176078e-05,0.00100752821370821,"LAMP1","Vascular"
"FAU",8.06247569167847,1.225138739016,0.315459799045956,3.88366043065133,0.000102895584943709,0.00112015875427356,"FAU","Vascular"
"CCNY",6.2292868432943,-1.09285508770653,0.282022530945262,-3.87506304564951,0.000106597097499358,0.00115389852434334,"CCNY","Vascular"
"PDE7A",5.36151460773362,-1.01434063691292,0.262538515839867,-3.86358791458854,0.000111733654051947,0.00120270607395242,"PDE7A","Vascular"
"CCSER1",5.27487726360087,-2.21690733032848,0.574088918614624,-3.8616096887539,0.000112642419586933,0.00120571439066237,"CCSER1","Vascular"
"CHCHD2",3.47120347881123,1.4418359203573,0.373638755268507,3.85890355330285,0.000113896872011605,0.00120745985450954,"CHCHD2","Vascular"
"PCLO",2.17129094287525,-3.61920014332436,0.938298682738343,-3.85719410024326,0.000114696082213328,0.00120745985450954,"PCLO","Vascular"
"UNC5D",2.98250951275427,-4.60785355207253,1.19456790131381,-3.85733916590653,0.000114628055702847,0.00120745985450954,"UNC5D","Vascular"
"CIRBP",7.66578354569411,-1.4397425780154,0.374222890929566,-3.8472862374589,0.000119433404400334,0.00125046121765595,"CIRBP","Vascular"
"KCNJ13",1.21784324615467,-3.61566923579105,0.943774113508309,-3.83107481338989,0.000127584700952944,0.00132854503818391,"KCNJ13","Vascular"
"PHLDB1",3.52428597834249,1.72410815704043,0.45081293491885,3.82444252037885,0.000131068318710941,0.00135744269540629,"PHLDB1","Vascular"
"AK5",7.87511216947457,-2.51239852137275,0.657526814798865,-3.8209826045517,0.000132921028485109,0.00136747455217826,"AK5","Vascular"
"RGS12",4.11376451741871,-3.45903517824524,0.90551215513005,-3.81997652781199,0.000133464374351428,0.00136747455217826,"RGS12","Vascular"
"CA2",2.28731730040574,2.39249983063303,0.627329344172398,3.81378593693768,0.000136854018551041,0.00138736666425288,"CA2","Vascular"
"LINC01482",1.79047954972907,-3.31189253233593,0.868383036487612,-3.81386138740307,0.000136812221958421,0.00138736666425288,"LINC01482","Vascular"
"SGK1",10.1153375278635,1.86524145579638,0.489304083766573,3.81202920163284,0.000137830588154528,0.00138991266791618,"SGK1","Vascular"
"DEPP1",2.92175738821355,4.22266074339227,1.11092384251626,3.80103530213904,0.000144092768955713,0.00144545416397458,"DEPP1","Vascular"
"F3",2.94763840583315,-3.66494193643978,0.968555997585578,-3.78392364052855,0.000154375204177672,0.00151891745967001,"F3","Vascular"
"SORT1",5.13873881405573,1.26575461111159,0.334515944164452,3.78383940494426,0.000154427488768093,0.00151891745967001,"SORT1","Vascular"
"SCFD2",3.16568732447953,1.47950678349779,0.390693329039907,3.78687495671743,0.000152553821227174,0.00151891745967001,"SCFD2","Vascular"
"RPL27",5.57558988238699,1.30369587906188,0.344566535065651,3.78358240394263,0.000154587110978941,0.00151891745967001,"RPL27","Vascular"
"TARS3",2.65290974380348,1.7574364134893,0.465171187314429,3.77804228081172,0.000158066047572284,0.00154517626096171,"TARS3","Vascular"
"EVL",2.87502548841931,-2.00556362911713,0.531040370407331,-3.77666885773445,0.000158939819089809,0.00154583093084301,"EVL","Vascular"
"LAMTOR1",1.90262808019022,1.78903256519057,0.474982283361748,3.76652483231261,0.000165535626136004,0.00160184979634638,"LAMTOR1","Vascular"
"IFITM2",5.82864148457725,3.44732118370538,0.9166647837942,3.7607217432707,0.000169423811812073,0.00163123629865292,"IFITM2","Vascular"
"RPS27A",10.4443851011469,-1.10711536781182,0.295370965506327,-3.74822002532983,0.000178093991085196,0.00170614043459618,"RPS27A","Vascular"
"SRGAP3",2.42317206184453,-3.97821548435232,1.06248333166409,-3.74426154819911,0.000180925109430284,0.0017246393515842,"SRGAP3","Vascular"
"GNAS",4.19609257997718,-1.12601372516913,0.301045413164216,-3.7403450640017,0.000183767796009074,0.001743064837393,"GNAS","Vascular"
"RAB11A",4.88173776509664,-1.03129360425003,0.275861442635478,-3.7384478033517,0.00018515992484498,0.00174761781282257,"RAB11A","Vascular"
"ENSG00000239922",2.70800997109777,-1.52944058659583,0.409853898621489,-3.73167265637823,0.00019021257200174,0.00178650631350654,"LOC124909496","Vascular"
"DSCAM",2.52354221598343,-4.14947356315186,1.11476492993597,-3.72228570501425,0.000197427447365855,0.0018452243373316,"DSCAM","Vascular"
"ENSG00000257228",4.79423591131542,-3.82995258616182,1.03184376642302,-3.71175628597216,0.000205826120580689,0.00191438275258543,"ENSG00000257228","Vascular"
"TASP1",2.99838566136231,-2.14119501653358,0.579988153341912,-3.691790951584,0.000222680464540059,0.00206113898579108,"TASP1","Vascular"
"KLHL2",2.97417193010893,-2.33728318164505,0.637030928158602,-3.6690262251492,0.00024347610477984,0.00224278950364506,"KLHL2","Vascular"
"ANO10",2.52182648523371,-1.50925494250922,0.412531532715991,-3.6585201925601,0.00025367575698016,0.00228437357792769,"ANO10","Vascular"
"ADAMTS9",3.73877477819677,3.18111854034465,0.868885545684111,3.66114795688081,0.00025108769796015,0.00228437357792769,"ADAMTS9","Vascular"
"CLSTN2",2.96219923644634,-4.45289849762416,1.2180217121634,-3.65584492719355,0.000256336283535727,0.00228437357792769,"CLSTN2","Vascular"
"NKX6-2",1.76882419116097,2.57006121163744,0.7029599984148,3.65605613041001,0.000256125296308755,0.00228437357792769,"NKX6-2","Vascular"
"ARHGAP44",1.81551904642423,-2.57837183041171,0.704806139440405,-3.65827095725764,0.00025392252095373,0.00228437357792769,"ARHGAP44","Vascular"
"TTYH2",1.39350363159165,3.30621096584161,0.904018988212164,3.6572361963106,0.000254949430955941,0.00228437357792769,"TTYH2","Vascular"
"SLC5A5",1.72667119794347,-3.51150365735521,0.966191033010542,-3.63437823099409,0.000278651824383984,0.00244906832807208,"SLC5A5","Vascular"
"EXOC6B",9.98812661873151,1.03087375740281,0.284671080357612,3.62128023720497,0.000293148762335781,0.00256471702573222,"EXOC6B","Vascular"
"TSC22D4",2.56776965214297,2.35854877135086,0.651614573259611,3.61954576852472,0.000295120610818027,0.00257023222876063,"TSC22D4","Vascular"
"NRP2",1.59280245455026,2.03300709466435,0.564025275760984,3.60446097370621,0.000312801444919369,0.00269967373182663,"NRP2","Vascular"
"CNDP1",5.34997029107653,3.32019615942229,0.921042520545155,3.60482397431239,0.000312364570923888,0.00269967373182663,"CNDP1","Vascular"
"RORA",33.2202318118014,-1.48784833123176,0.413692104120199,-3.59651130977221,0.000322513567496049,0.00277101343193915,"RORA","Vascular"
"SNTG1",2.85980673986586,-4.06978296319763,1.13455887094615,-3.58710602633048,0.000334368388688971,0.00286004389610745,"SNTG1","Vascular"
"LCORL",4.7050613255727,1.80178941721373,0.502602216383941,3.58492135227141,0.000337179797855052,0.00287127330084569,"LCORL","Vascular"
"MICOS10",3.58622003066992,-1.4784908846926,0.413061064088602,-3.57935185189826,0.000344447449727527,0.00291888486770761,"MICOS10","Vascular"
"HSPA2",2.03710503387096,2.19050069688973,0.612159991863245,3.57831404535676,0.000345817779211705,0.00291888486770761,"HSPA2","Vascular"
"SLC1A3",16.582315727574,-1.44937136036026,0.405313644304637,-3.575925411657,0.000348991153554718,0.00292449851277319,"SLC1A3","Vascular"
"PDE1C",6.35194617778927,1.43690170491955,0.401872355320571,3.57551766349625,0.000349535573812662,0.00292449851277319,"PDE1C","Vascular"
"PPP3CA",9.1124480857108,-1.30654542677424,0.365549749239098,-3.57419319666844,0.00035130947130468,0.00292656063921638,"PPP3CA","Vascular"
"GRM1",1.80277226691455,-3.9606737622183,1.10880329255215,-3.57202561430165,0.000354230755311363,0.00293812176266914,"GRM1","Vascular"
"EIF4A1",4.6378618853563,1.10699931971546,0.310535251411942,3.56481048345446,0.000364119191563443,0.00300712228894637,"EIF4A1","Vascular"
"MAPK1",2.76602031786103,-1.32473798965996,0.372520332584723,-3.55614948711202,0.000376329997926102,0.00309462779410477,"MAPK1","Vascular"
"UBE2H",2.87251368840372,-1.93342630906294,0.544279827922006,-3.55226523173664,0.000381929667329743,0.00312725317352046,"UBE2H","Vascular"
"MDFIC",1.7003437675066,-2.43341742345273,0.685344359981424,-3.5506492291243,0.000384282209544138,0.00313312644036838,"MDFIC","Vascular"
"RPS12",4.47397504449782,-1.02289254078239,0.288697458000822,-3.54312971047871,0.000395408166909999,0.0032101781686422,"RPS12","Vascular"
"CLMN",5.29448808504932,2.39412550624174,0.67650323157231,3.53897127834464,0.000401689555385438,0.00324741429585864,"CLMN","Vascular"
"DLGAP1",6.85625299992515,-3.08291635143628,0.872607833384496,-3.53299183606785,0.000410885159675987,0.00330779817621509,"DLGAP1","Vascular"
"UBL5",3.1370358771223,1.59594171257445,0.452489208788134,3.52702712369369,0.00042025370923049,0.00336906320872644,"UBL5","Vascular"
"SNX9",2.33933032098297,1.81219259625837,0.513964407897648,3.52591068255305,0.000422029275027624,0.00336920037897053,"SNX9","Vascular"
"LCNL1",4.05219331367651,-1.59386575087166,0.452482558093472,-3.52249102725061,0.000427511513046143,0.00339880522405149,"LCNL1","Vascular"
"HIF1A-AS3",3.50259289116645,3.90899531192468,1.1116244120589,3.51647127349841,0.00043732397973789,0.00346244936023883,"HIF1A-AS3","Vascular"
"FOXP2",5.16923476294617,-1.7870298901434,0.509026621276759,-3.51068061167627,0.000446961062208484,0.0035097434229158,"FOXP2","Vascular"
"PREX1",1.52756363306654,2.34340321217593,0.667485175463479,3.51079439412081,0.000446769806127301,0.0035097434229158,"PREX1","Vascular"
"KALRN",7.93053514365082,-2.96335980090105,0.845208307512157,-3.5060703669887,0.000454774973056925,0.00355652591174314,"KALRN","Vascular"
"DLGAP2",3.1489251931322,-3.84503440859735,1.10313988422807,-3.48553657026728,0.000491151083195264,0.00380990071013007,"DLGAP2","Vascular"
"LINC03051",8.73665277583173,-3.34062938677541,0.959020659284193,-3.48337583182914,0.000495132742399774,0.00382529973563696,"LINC03051","Vascular"
"TMEM258",2.2116521948847,1.91962049210462,0.552198610890616,3.47632256627476,0.000508340474707428,0.00391156766883306,"TMEM258","Vascular"
"PCBP1-AS1",2.33131834695307,1.60396654824857,0.462626466687077,3.46708773437622,0.000526130132869615,0.00401108501404833,"PCBP1-AS1","Vascular"
"PDE1A",10.9416878121509,-2.14560824887702,0.618777102113658,-3.46749781391056,0.000525328015021513,0.00401108501404833,"PDE1A","Vascular"
"RIMS2",7.22885789027803,-4.40447855961904,1.27063461224983,-3.46636123174726,0.000527553978883183,0.00401108501404833,"RIMS2","Vascular"
"MTDH",4.18669676415833,1.08051984036294,0.312154142331852,3.46149447926992,0.000537185137761554,0.00406816886937209,"MTDH","Vascular"
"SLCO3A1",6.53516229489637,1.05784978453943,0.305728728383985,3.46009284155597,0.000539989173721322,0.00407330416082698,"SLCO3A1","Vascular"
"AMOTL1",1.2501232982769,-2.68570352221037,0.776930903103864,-3.45681129619237,0.000546607469800013,0.00410705847896794,"AMOTL1","Vascular"
"SPP1",8.60674191448082,2.01137601345839,0.582707909226464,3.4517740047985,0.000556913973700147,0.00416815302191203,"SPP1","Vascular"
"NFKBIA",5.06249872892702,1.42915376386494,0.414545536925391,3.44751935930782,0.000565759859546445,0.00421788284393381,"NFKBIA","Vascular"
"RAC1",4.56417233181067,1.0062331015888,0.292370030589954,3.44164242675075,0.000578193997488968,0.00429387480305761,"RAC1","Vascular"
"ADCY2",2.21839123360125,-3.45319922742701,1.00398916979943,-3.43947856341604,0.00058283594028891,0.00431163575904846,"ADCY2","Vascular"
"JAZF1",3.53242395804762,-1.64906850073087,0.480055695635655,-3.43516078597358,0.000592202349898404,0.00436407577848209,"JAZF1","Vascular"
"QKI",26.9283070718963,1.50166974456646,0.437458133852632,3.43271647812664,0.000597566625490738,0.0043867343082002,"QKI","Vascular"
"RPL7A",5.53538995637432,1.19866626144777,0.34963249775345,3.42836054757424,0.00060723841604028,0.00442383576096265,"RPL7A","Vascular"
"MAP2K4",2.67444217006311,-1.43631065637181,0.418922091799243,-3.42858656654498,0.00060673300733437,0.00442383576096265,"MAP2K4","Vascular"
"RPL23",4.6764872136753,-1.11067506016303,0.324712821862565,-3.42048414901561,0.000625097784378519,0.00453669452601986,"RPL23","Vascular"
"ZMYND8",3.63063353332178,1.1687288247356,0.342427219627861,3.41307220262963,0.000642349211708309,0.00464430599861555,"ZMYND8","Vascular"
"RPS3A",4.60810842226737,-1.00185144081475,0.293716513923098,-3.41094692781579,0.000647376910640585,0.0046630607548397,"RPS3A","Vascular"
"ABCA5",3.30772650311428,-1.92692911608322,0.566389859797912,-3.40212502527985,0.000668640414891049,0.0047981836514279,"ABCA5","Vascular"
"STMP1",2.15447410184379,-1.89350502798975,0.557817598406187,-3.39448779206667,0.000687571054093212,0.00491561992403953,"STMP1","Vascular"
"TTTY14",5.94802099546226,-1.9291462890535,0.569144392417633,-3.38955511949929,0.000700061334107413,0.00498631046895837,"TTTY14","Vascular"
"NRCAM",5.28404030286882,-3.64133753558586,1.07589049740306,-3.3844871242707,0.000713113634769446,0.00504179234028878,"NRCAM","Vascular"
"TMTC2",13.7141271952867,1.5823152644082,0.468949433056125,3.37417033238811,0.000740385392645205,0.0051962579205429,"TMTC2","Vascular"
"DPP10",10.3958073292829,-2.64774302345137,0.787449086680596,-3.36243075042811,0.000772595016003197,0.00540252573234352,"DPP10","Vascular"
"FGD6",1.17536117523096,-2.05574524364337,0.612145424022708,-3.35826286200762,0.000784339874618867,0.00546470981734454,"FGD6","Vascular"
"APOD",44.264853774416,1.48762967981019,0.443771331588061,3.35224376592022,0.000801594048994006,0.00556468912272651,"APOD","Vascular"
"PCSK6",2.02537949510276,2.59572282316327,0.774986388766946,3.3493785965625,0.000809930412573928,0.0056022623483453,"PCSK6","Vascular"
"PRDX1",2.31305898941684,1.53547342943485,0.458784786656886,3.34682725777304,0.00081742130790221,0.00563373822280804,"PRDX1","Vascular"
"NFASC",3.91002901895736,1.95088240024631,0.583187312636137,3.34520720525947,0.000822211200308525,0.00564643964082844,"NFASC","Vascular"
"MTCH1",3.01313491406931,1.57734121104808,0.47180071995235,3.3432361256409,0.000828074061389079,0.00566639250579098,"MTCH1","Vascular"
"SNHG25",5.80694623494946,1.58043873562469,0.473552372274028,3.33741066069486,0.000845629028203099,0.00576592604283679,"SNHG25","Vascular"
"ITGA2",1.21021964655124,2.54321992333093,0.762885745503433,3.33368389476545,0.000857039970888415,0.00582300916390852,"ITGA2","Vascular"
"TAOK3",3.23847824561553,1.36686609280844,0.410517878438367,3.32961404265285,0.000869664417409296,0.00588790467758379,"TAOK3","Vascular"
"RPS2",7.06262859629259,1.05055567605217,0.316172664088354,3.32272772246559,0.000891418779701067,0.00601393796446213,"RPS2","Vascular"
"ARPP19",5.23373110459687,-2.12115920804431,0.640026252133212,-3.31417531855057,0.000919138569619122,0.00617919122593066,"ARPP19","Vascular"
"PLXNB1",1.79691279245159,1.75327547102883,0.529648804325104,3.31026041541416,0.000932092085941812,0.00624436516316263,"PLXNB1","Vascular"
"PFN1",4.48297729345433,1.5199415258451,0.460780605091269,3.29862305194906,0.000971602853182198,0.00647370380052266,"PFN1","Vascular"
"SUN2",3.71588140629264,1.69873968072009,0.515051205652171,3.29819571739301,0.000973082825965827,0.00647370380052266,"SUN2","Vascular"
"CACNA2D3",6.10093204453509,-2.40443456553937,0.729722859074862,-3.29499690963183,0.000984227622071366,0.00652519074009944,"CACNA2D3","Vascular"
"SLC38A4-AS1",2.98948293022551,-2.46622146974968,0.749596798387636,-3.29006403849972,0.00100164583956033,0.00659502896425287,"SLC38A4-AS1","Vascular"
"ENSG00000286757",2.25029378781335,-2.5090731771746,0.762441279848774,-3.29084120113782,0.00099888283328554,0.00659502896425287,"ENSG00000286757","Vascular"
"KLF12",8.05720631355648,-1.52515845088635,0.464765176193518,-3.28156783039896,0.00103231691898095,0.0067736959478339,"KLF12","Vascular"
"TMOD3",3.3536945687421,-1.12202798306512,0.342784680671103,-3.27327341720294,0.00106309587028586,0.00695184876268839,"TMOD3","Vascular"
"KCTD8",3.35950253099834,1.72756625595115,0.53100833653432,3.25336936746848,0.00114045148479134,0.00742876361961777,"KCTD8","Vascular"
"ERBIN",17.5678338936966,2.09959061745312,0.645523208138368,3.25254087069642,0.00114378145500378,0.00742876361961777,"ERBIN","Vascular"
"CAPN3",1.22696621518408,3.6080321627207,1.11095946985009,3.24767217944284,0.00116353241947247,0.00750952869579386,"CAPN3","Vascular"
"ADSS2",1.78848927505649,2.19442795969379,0.676235798243877,3.24506328324013,0.00117424524990588,0.00752459497932997,"ADSS2","Vascular"
"VWA8",3.05216497998989,-1.12676154647286,0.347158951037477,-3.24566468214506,0.00117176769152689,0.00752459497932997,"VWA8","Vascular"
"GSTP1",5.47843146843072,1.35853218991091,0.418932456150567,3.24284301673358,0.0011834339740829,0.00753308802107252,"GSTP1","Vascular"
"SEMA6A",1.55067341383121,2.41635807135836,0.745915236345966,3.2394539669084,0.00119758796031146,0.00759794215879724,"SEMA6A","Vascular"
"S100A6",6.00377419298642,1.50460673122688,0.46563756883129,3.23128293750719,0.00123235885411847,0.00779273783660394,"S100A6","Vascular"
"PABPC1",3.89071265014023,1.1743204332789,0.364580913705148,3.22101456531161,0.00127737656041093,0.00802443767130274,"PABPC1","Vascular"
"GRIA2",5.17252909106034,-2.97159636862428,0.925168839472184,-3.21195034013424,0.00131837162164892,0.00825490204927886,"GRIA2","Vascular"
"ACAP2",5.0083739860075,1.01110214477106,0.315214840163376,3.20766035078489,0.00133819436896179,0.00834018155007695,"ACAP2","Vascular"
"LINC02997",1.27578548699356,-3.43426346038314,1.07113526174749,-3.20619027589509,0.00134505015604059,0.00834018155007695,"LINC02997","Vascular"
"TMEM165",7.22604890173274,1.52249868483082,0.475579685726155,3.20135348612744,0.00136783617292993,0.00841185944195035,"TMEM165","Vascular"
"SPARC",3.99564356688389,2.08009941130434,0.649770923829447,3.20128115158679,0.00136817962562789,0.00841185944195035,"SPARC","Vascular"
"CDK19",4.72736723058001,1.79488138485819,0.560810046614288,3.2005157462749,0.00137181873489858,0.00841185944195035,"CDK19","Vascular"
"NDUFB2",3.98533595809842,1.53851421723034,0.480783401391746,3.2000152517261,0.00137420315468583,0.00841185944195035,"NDUFB2","Vascular"
"RALGDS",1.37217278132182,2.23912383366749,0.700638635637688,3.195832658628,0.00139427951969319,0.00848076050708619,"RALGDS","Vascular"
"HYCC1",1.50633133310568,2.08341489742612,0.655194099412057,3.17984380398983,0.00147354455527899,0.00893452964529917,"HYCC1","Vascular"
"EYA1",4.78559869619192,-3.31913642129935,1.04422912125178,-3.17855186543783,0.0014801273472526,0.00894613248370972,"EYA1","Vascular"
"EEF2",2.8201271819765,1.39013716306507,0.437734849416343,3.17575163348,0.00149448843822751,0.00900452782277957,"EEF2","Vascular"
"RPL38",6.00418790423239,-1.03707077900022,0.327549116923431,-3.16615348788332,0.00154469263002834,0.00927784037346178,"RPL38","Vascular"
"RPL39",4.94638259358115,-1.27146757520455,0.405057845770182,-3.13897777436447,0.00169538306272671,0.0101511060880762,"RPL39","Vascular"
"SNED1",6.34664278295774,-1.89025787581276,0.602714342843692,-3.13624173417585,0.00171128086516922,0.0101511273611896,"SNED1","Vascular"
"FRMD4B",5.80654455674071,1.59281124993727,0.507841119410411,3.13643615898311,0.001710146647471,0.0101511273611896,"FRMD4B","Vascular"
"GRIA1",2.43550379527857,-3.99812994141345,1.27479003058166,-3.13630468194766,0.00171091357048738,0.0101511273611896,"GRIA1","Vascular"
"SRSF10",3.74289636689524,1.1004211050818,0.351287429840241,3.13253766461912,0.00173302190416767,0.0102483640999545,"SRSF10","Vascular"
"GPR37",2.83109630323869,2.19878416483533,0.704696274927717,3.12018701256916,0.00180736254721339,0.0106521342010751,"GPR37","Vascular"
"ARNT2",4.50006535779408,-1.01645751653207,0.325854096702445,-3.11936393256475,0.00181241949350233,0.0106521342010751,"ARNT2","Vascular"
"OPCML",3.32339660100549,-2.48967541753579,0.80040965962441,-3.11050146334324,0.00186769970303149,0.0109100994847815,"OPCML","Vascular"
"RPS19",15.4715015437374,1.31235665693743,0.42332724586393,3.10009967409294,0.00193455529258736,0.0112662855337306,"RPS19","Vascular"
"LRP2",1.38583312666226,2.52918513159995,0.818661826327817,3.08941378510934,0.0020055190447009,0.0116441651201422,"LRP2","Vascular"
"TMBIM6",5.92980017097236,1.14232727430212,0.369929968386023,3.08795548326621,0.00201538658819101,0.0116661048428217,"TMBIM6","Vascular"
"EIF5B",3.70830682139539,1.09435950357095,0.354777731490384,3.08463414254796,0.00203802682110412,0.0117263044721787,"EIF5B","Vascular"
"FLRT2",10.9070990880811,-1.80660828843364,0.585517051424307,-3.0854921885519,0.00203215561984549,0.0117263044721787,"FLRT2","Vascular"
"COLGALT2",1.63382103207084,2.09773701252403,0.681190100811318,3.07951775873661,0.00207336009122771,0.0118938860323122,"COLGALT2","Vascular"
"PIP4K2A",12.7302637109386,1.56623209535402,0.509451529590292,3.07434957868044,0.00210962075661577,0.0120657712527636,"PIP4K2A","Vascular"
"HERC3",1.56579867756233,1.68563817074155,0.548777715355677,3.07162285124687,0.00212898535456769,0.0121402855337848,"HERC3","Vascular"
"SLC44A1",20.1800450066501,1.61501674223695,0.526141636215615,3.06954749647509,0.00214383314255972,0.0121526162755752,"SLC44A1","Vascular"
"ADARB2",2.22383892466198,2.04624243690331,0.666443452331702,3.07039168851321,0.0021377820899007,0.0121526162755752,"ADARB2","Vascular"
"GRIK2",6.01568704467641,-1.93825925993751,0.631945022927583,-3.06713272454971,0.0021612287076823,0.0122150861472546,"GRIK2","Vascular"
"PLCB4",12.01520436237,-1.66726917754353,0.543967644626161,-3.06501534422945,0.00217658829914758,0.0122657152387258,"PLCB4","Vascular"
"SLC2A1",3.03766318828712,2.59263997978905,0.846625111004073,3.06232350787972,0.00219625948466178,0.0123402732334662,"SLC2A1","Vascular"
"HTR1F",3.38034787746762,2.26094550632901,0.739230403776235,3.05851260280874,0.00222438722709553,0.0124617717167106,"HTR1F","Vascular"
"CBFB",1.89812230665589,2.05456985108445,0.672775155969079,3.05387295124626,0.00225907729890319,0.0126192189641356,"CBFB","Vascular"
"PLAC9",3.81041283257984,2.52125699635452,0.826396896815989,3.05090327186444,0.00228154063302671,0.0127076507351139,"PLAC9","Vascular"
"MIR4435-2HG",4.31818146240764,1.67994495170832,0.550964343653545,3.04909922222606,0.00229528659609161,0.0127471568640914,"MIR4435-2HG","Vascular"
"R3HDM1",5.86720607418157,-1.62080365577324,0.531864368934618,-3.0474003344497,0.00230830059159672,0.0127823813106917,"R3HDM1","Vascular"
"CD59",4.22122372324058,2.02304635675145,0.664203982288498,3.04582087837098,0.00232046029186745,0.0128126856461615,"CD59","Vascular"
"ADAMTS18",2.74419208469941,3.71277644147438,1.22096330671474,3.04085832969411,0.00235904800395939,0.0129883217689258,"ADAMTS18","Vascular"
"BEX3",3.11552460941572,-1.16304304223535,0.38266813047908,-3.0392994597676,0.00237129016810143,0.0130183150775998,"BEX3","Vascular"
"ANKS1B",13.4943685968236,-1.33093273652623,0.438303084783541,-3.03655799544172,0.00239296069715617,0.0130997505592892,"ANKS1B","Vascular"
"MIR181A1HG",2.79266775274146,1.78912204284528,0.590073551848429,3.03203225638699,0.00242913244492063,0.0132446374190437,"MIR181A1HG","Vascular"
"MLLT3",3.85693478138751,-1.1423346770187,0.37692553139659,-3.03066410170227,0.00244016545350858,0.0132446374190437,"MLLT3","Vascular"
"KDM2A",4.30383939881763,-1.06803425918616,0.353306740984398,-3.02296598194066,0.00250310379511337,0.0135205317153983,"KDM2A","Vascular"
"LINC00278",2.69888502981225,-1.80257363009289,0.596340863128002,-3.02272364942058,0.00250510895561921,0.0135205317153983,"LINC00278","Vascular"
"RIF1",3.72013219307684,1.1427429302707,0.379999346970204,3.0072234054663,0.00263645928038653,0.0141102122380463,"RIF1","Vascular"
"CYRIB",2.40104986530635,-1.77187432620222,0.58916678215748,-3.00742400940149,0.00263471987519186,0.0141102122380463,"CYRIB","Vascular"
"ASTN1",2.09949359306813,-3.46294058551144,1.15546059430698,-2.99702179596047,0.00272631220114658,0.0145100393816579,"ASTN1","Vascular"
"PHACTR2",5.54003251192227,-1.33770078863814,0.44672186703297,-2.99448244502304,0.00274910875088261,0.0145908375808617,"PHACTR2","Vascular"
"LAMA4",3.818511304912,-2.25772255207672,0.754805962445543,-2.99112972658798,0.00277947388388168,0.0147044235968382,"LAMA4","Vascular"
"ASTN2",5.90828788306511,-1.29913649799387,0.434431482322194,-2.99042898790279,0.0027858589591087,0.0147044235968382,"ASTN2","Vascular"
"ENSG00000291003",5.38454607249631,1.83977952640646,0.616378503072353,2.98482104297285,0.00283744272588107,0.0149355501724949,"HERC2P2","Vascular"
"ENSG00000231424",2.38107844539631,-2.4304485590977,0.819841654194894,-2.96453412273186,0.00303141621700598,0.0158261402500912,"ENSG00000231424","Vascular"
"NDUFA4",2.60746436506538,-1.7618086256063,0.597183747290747,-2.95019520139174,0.00317573217136222,0.0165345185878533,"NDUFA4","Vascular"
"KCNT2",11.6218519851477,-1.68285113155041,0.572088981605769,-2.94158983245386,0.00326532117279075,0.0169090685596408,"KCNT2","Vascular"
"PARD3B",6.59487432803709,-1.11520497692798,0.379116183333021,-2.94159159106212,0.00326530263134195,0.0169090685596408,"PARD3B","Vascular"
"PDLIM5",2.36574281354906,-1.1870561194143,0.404160182399097,-2.93709319005134,0.00331304530032547,0.0170182166097147,"PDLIM5","Vascular"
"SND1",2.9752201614986,-1.08197604967374,0.368574189515665,-2.93557194304773,0.00332933398355393,0.0170327960773871,"SND1","Vascular"
"ATRNL1",5.61423659952039,-3.41523135782618,1.16355535974202,-2.93516877321884,0.003333663115355,0.0170327960773871,"ATRNL1","Vascular"
"A2M",7.33894189837409,2.08694773201934,0.711851533731225,2.9317176870863,0.00337093026047511,0.0171773999443359,"A2M","Vascular"
"COX5B",4.46560401118068,1.09434590324679,0.374216220930369,2.92436789759154,0.00345156546608752,0.0175139314720223,"COX5B","Vascular"
"OMG",1.25567487306619,2.97323842136516,1.01682707013402,2.92403547141333,0.00345525370377059,0.0175139314720223,"OMG","Vascular"
"ABHD17B",2.31931559514959,1.32825023246743,0.454959878146144,2.91948872036748,0.00350606082201959,0.0176315289632271,"ABHD17B","Vascular"
"PON2",3.37914842088755,1.23201154129711,0.422311877590029,2.91730260661322,0.00353073048390347,0.0177053294899337,"PON2","Vascular"
"NR2F2-AS1",8.38988047897298,-1.36839565009521,0.469182392329851,-2.91655371656228,0.00353921774250762,0.0177053294899337,"NR2F2-AS1","Vascular"
"KCND2",3.21168026957265,-4.17494149375513,1.43466284190979,-2.91005062081174,0.00361370221564849,0.0180237670887259,"KCND2","Vascular"
"CACNB2",7.53235771199468,-1.58301980484511,0.544112573033081,-2.90936082586878,0.00362168597555297,0.0180237670887259,"CACNB2","Vascular"
"TDRD3",2.28246042535717,-1.5989552036441,0.550312017117577,-2.90554295364856,0.00366616525562519,0.0181978565538287,"TDRD3","Vascular"
"ATG13",1.11106269469562,2.22738836539074,0.76766847092423,2.90149778159977,0.00371383408981915,0.018250463454828,"ATG13","Vascular"
"ALDH1A2",2.17479519962286,-2.1321012165142,0.734849812273885,-2.90141084736311,0.00371486469070089,0.018250463454828,"ALDH1A2","Vascular"
"ZSWIM5",2.19953673158267,-1.17838681311821,0.4062558669706,-2.900602573214,0.0037244591922308,0.0182508025890389,"ZSWIM5","Vascular"
"ADGRB3",20.5363384784343,-1.8785453642248,0.649701089391732,-2.89139943721434,0.00383530314475696,0.0186700660983957,"ADGRB3","Vascular"
"ST18",9.25364132123426,2.05964614194807,0.7124150596647,2.89107608550197,0.00383925158808345,0.0186700660983957,"ST18","Vascular"
"PIGU",1.90561538626274,1.33245941486218,0.461506447294123,2.88719566687438,0.00388692426972451,0.0187788867765938,"PIGU","Vascular"
"U2AF1",1.52056423159554,1.64082906170982,0.568109293827976,2.88822781027529,0.00387419171189912,0.0187788867765938,"U2AF1","Vascular"
"LSS",2.35818607613189,1.83498476640393,0.636721039943711,2.88192890023887,0.00395248908740362,0.01902756053132,"LSS","Vascular"
"SLC5A11",2.83676460872773,3.18118968866487,1.11124111099923,2.86273578000037,0.00420000640861157,0.0201684518268164,"SLC5A11","Vascular"
"NR6A1",2.76211507694991,-1.236051668867,0.43206904893636,-2.86077346181087,0.00422608909790528,0.0202429667789663,"NR6A1","Vascular"
"HTRA1",2.7519250180908,2.24894888099363,0.786782270642671,2.85841326744261,0.00425765484126875,0.0203433084186307,"HTRA1","Vascular"
"RBM6",4.08715939021252,-1.10776901019738,0.388122833500191,-2.85417119164889,0.00431492727188473,0.0204638630023048,"RBM6","Vascular"
"ENSG00000253642",3.70947626309125,-2.22782938698212,0.78048765427106,-2.85440695287207,0.00431172600979032,0.0204638630023048,"ENSG00000253642","Vascular"
"CELF4",1.74527157199665,-4.0717991548288,1.42660370718266,-2.85419078495879,0.00431466114384485,0.0204638630023048,"CELF4","Vascular"
"IFIT2",1.28493791089738,2.6659298426941,0.936165305301328,2.84771271440785,0.00440346554061084,0.020780886639927,"IFIT2","Vascular"
"ATP6V1H",3.08239478560465,-1.75142111597242,0.616004347376848,-2.843196031701,0.00446635901886537,0.0210259063394252,"ATP6V1H","Vascular"
"BSG",9.33418618414316,1.64914187450275,0.580638550271617,2.84022112161051,0.00450822721660536,0.0211709885956271,"BSG","Vascular"
"TBCB",3.20359757797273,1.07016556116347,0.377014803043284,2.83852398506645,0.00453227130040838,0.021231862620006,"TBCB","Vascular"
"ENSG00000290928",2.87185862852593,-1.41934924969911,0.500297716400873,-2.83700925103131,0.00455382925304933,0.0212808215825427,"ENSG00000290928","Vascular"
"NAP1L4",2.21944479294979,1.3304901309212,0.469914760795179,2.83134355828657,0.00463529026770731,0.0216087984256137,"NAP1L4","Vascular"
"HP1BP3",4.41549218467222,1.10174722043071,0.390618165651277,2.82052223196984,0.00479455511037807,0.0222430208026256,"HP1BP3","Vascular"
"JAKMIP2",3.81454722445099,-1.55011745068676,0.549461150721728,-2.82115932791728,0.00478504307688742,0.0222430208026256,"JAKMIP2","Vascular"
"KCNK2",6.98321225128118,-3.13849516385233,1.11892886659199,-2.80491035449956,0.00503305757407843,0.023153723421038,"KCNK2","Vascular"
"ZFR",3.20756755600111,1.07136255434204,0.382223432503888,2.80297455162208,0.00506336644750257,0.023153723421038,"ZFR","Vascular"
"KCNQ3",3.35626423261186,-2.37365750181,0.84629719459383,-2.80475643423255,0.00503546148795432,0.023153723421038,"KCNQ3","Vascular"
"KIAA1217",3.8873711443614,-2.06124054907883,0.735121643859216,-2.80394485225303,0.00504815388269379,0.023153723421038,"KIAA1217","Vascular"
"ENOX2",1.95506430698878,1.90929425514789,0.68259102728359,2.7971276779685,0.00515591539319246,0.0234093220221724,"ENOX2","Vascular"
"CCDC102B",2.91201700381491,1.70187918335926,0.609115985905295,2.7940149704491,0.00520580686566308,0.0235799667957694,"CCDC102B","Vascular"
"BNC2",7.99918810957802,-2.70523346239284,0.968765232356961,-2.79245515016174,0.00523097186664049,0.0236380709822716,"BNC2","Vascular"
"IGFBP7",16.5775480625726,1.94309675651188,0.696301703336336,2.79059601204695,0.00526110937047657,0.0237183189501956,"IGFBP7","Vascular"
"OLFM3",1.59318071723564,-3.94087977957516,1.41332913591532,-2.78836661569488,0.00529745569862734,0.023770316436932,"OLFM3","Vascular"
"NAALAD2",2.38361833020036,-2.69631901457762,0.968599150187846,-2.78373051850676,0.00537376612373395,0.0240563922735379,"NAALAD2","Vascular"
"CD74",2.36559206808659,2.42343557989454,0.870969485604027,2.78245750276069,0.00539489302002718,0.024094673721147,"CD74","Vascular"
"TF",4.47204292764383,1.6667342436904,0.600200535437523,2.7769622739097,0.00548695472814602,0.024448849439832,"TF","Vascular"
"NPTX1",2.5331579572922,-4.21566526365338,1.52150482764454,-2.7707209251381,0.00559323423601283,0.0248070296208347,"NPTX1","Vascular"
"SATB2",3.9974872502045,-2.48130049661011,0.895949279404595,-2.76946536332846,0.00561483739342114,0.024845331283591,"SATB2","Vascular"
"RPS24",5.30585178105712,-1.09652439435363,0.396624992219777,-2.76463766999843,0.00569860548153095,0.0251578988539477,"RPS24","Vascular"
"GALNTL6",3.151354199489,-4.0838008671787,1.47888729210527,-2.76140101343708,0.00575539602094939,0.0253502040830782,"GALNTL6","Vascular"
"PLEKHG3",1.66222132958428,1.43105991002908,0.518710642698589,2.75887902084291,0.00580000024321898,0.0254880744633201,"PLEKHG3","Vascular"
"PTN",26.0169192594281,-1.64778730517865,0.598147186338772,-2.75481911946235,0.00587245908812862,0.0257474407616806,"PTN","Vascular"
"CD63",8.44564489480881,1.14484795221441,0.415911248764035,2.75262560369926,0.00591194632299059,0.0258613907644977,"CD63","Vascular"
"TAFA1",2.93296667876356,-4.55858542788145,1.65708934837504,-2.75095934467966,0.00594210174621472,0.0259181570191938,"TAFA1","Vascular"
"CNTNAP5",1.97730963448327,-4.01968607165087,1.46685805699458,-2.74033745288671,0.00613761325262622,0.026603577618692,"CNTNAP5","Vascular"
"RPL12",5.53973383922859,-1.18709906705966,0.433308016150443,-2.73961944578358,0.00615103595254726,0.026603577618692,"RPL12","Vascular"
"CLDND1",5.14525119195161,1.38060661945409,0.505538608540031,2.7309617824071,0.00631497942137936,0.0272511274129794,"CLDND1","Vascular"
"ACER3",3.79120050405408,1.14602867399745,0.420085353430542,2.7280852918071,0.00637031343476833,0.0274281360472273,"ACER3","Vascular"
"DYNC1I1",3.50443260629518,-1.35371542463156,0.496819609712664,-2.72476246542379,0.00643477628188182,0.0275418244015511,"DYNC1I1","Vascular"
"SLC22A6",2.56489099563424,-2.36759335144527,0.869000212393761,-2.7245026153946,0.00643984203126039,0.0275418244015511,"SLC22A6","Vascular"
"GRM5",2.57880825529593,-4.43860474110075,1.62869005164542,-2.72526054703691,0.00642507625356673,0.0275418244015511,"GRM5","Vascular"
"CD22",1.28813744578517,2.13427491944066,0.783952958843051,2.72245278924694,0.00647992913322732,0.0276515461453531,"CD22","Vascular"
"TIAL1",2.88181581624528,1.26848236573744,0.466217667361048,2.72079428674911,0.00651252750706528,0.0277288948967491,"TIAL1","Vascular"
"MEIS2",1.98920752079508,1.43146225628379,0.526355985116474,2.71957058865215,0.00653667415525819,0.0277699948591457,"MEIS2","Vascular"
"EPHA7",8.32430969502381,-2.29775959277448,0.845371895601833,-2.71804587392709,0.00656687327490706,0.0278365690148715,"EPHA7","Vascular"
"ARL6IP5",2.69524089154692,1.07395396006318,0.395234636898203,2.71725668704432,0.00658255345852193,0.0278414402351612,"ARL6IP5","Vascular"
"SCMH1",1.98199423476136,-1.2468374783593,0.460899889881652,-2.70522407518791,0.00682583287731714,0.0288068189271798,"SCMH1","Vascular"
"UQCRB",5.54062520787541,-1.24190365601333,0.460072564709719,-2.69936473346743,0.00694719910881179,0.0292545791043591,"UQCRB","Vascular"
"SMAP1",3.50891373880996,-1.35337032100709,0.501977615484967,-2.69607703462949,0.00701614387184354,0.0294156053795453,"SMAP1","Vascular"
"NRG1",4.73941906437322,-5.5099251766286,2.04343918760871,-2.6963979207409,0.00700938776594698,0.0294156053795453,"NRG1","Vascular"
"SORBS2",6.82547038515651,-2.29908382351985,0.855258862902555,-2.68817304706703,0.00718441540743782,0.0299246520014149,"SORBS2","Vascular"
"RGCC",4.34156922525491,1.36593910683901,0.508728233010048,2.6850074719797,0.00725281847372898,0.0300787883023046,"RGCC","Vascular"
"SPATA13",1.94990431784222,1.86104938282676,0.694338801827518,2.68031885576383,0.00735520614072527,0.0303719288052362,"SPATA13","Vascular"
"SLC6A20",3.44849609839001,-2.74497431188285,1.02557393414932,-2.67652503684166,0.00743900075282342,0.0305206112257166,"SLC6A20","Vascular"
"ZNF652",2.6694061031842,1.37073633620895,0.511994831952967,2.67724643036019,0.00742300161316363,0.0305206112257166,"ZNF652","Vascular"
"HDAC9",2.78398867712466,-2.166632138821,0.811369259757466,-2.67034043102477,0.00757743780197884,0.0309960622471688,"HDAC9","Vascular"
"TIMP2",2.35198681009797,1.25901269859379,0.471556877766773,2.66990634206481,0.00758724070663995,0.0309960622471688,"TIMP2","Vascular"
"FMN2",2.2640317068971,-4.28977333026466,1.60784913082366,-2.66801980859182,0.00762997594735529,0.0310382885671608,"FMN2","Vascular"
"DGKI",3.47829093750837,-1.91049339360595,0.715923087648644,-2.66857351937163,0.00761741053894401,0.0310382885671608,"DGKI","Vascular"
"MDGA2",7.70214552050866,-1.49733454757749,0.561398134422175,-2.66715269568653,0.00764969075136724,0.0310525582195331,"MDGA2","Vascular"
"CMSS1",4.19090757842947,1.01367106430449,0.380276881219929,2.66561317388696,0.00768480606779215,0.0311291510061094,"CMSS1","Vascular"
"LINC01473",6.28616793264239,-1.00321642398817,0.376472908345246,-2.6647772037508,0.00770393436978396,0.0311407980010677,"LINC01473","Vascular"
"VRK2",2.80752992876406,1.52978940778588,0.57492797714978,2.66083660664741,0.00779467723235614,0.0313752133974672,"VRK2","Vascular"
"USP9X",1.60573594853422,1.74253513581414,0.655259171033206,2.65930674891056,0.00783016359962153,0.0314519778970123,"USP9X","Vascular"
"CNP",4.60630626076357,1.18948807871977,0.447714048953619,2.65680311238792,0.00788854992963169,0.0316202126886492,"CNP","Vascular"
"DSE",2.8806026349096,-1.28209403057443,0.483244551621597,-2.65309567644824,0.00797572599062831,0.031836439579258,"DSE","Vascular"
"ENSG00000290560",0.880980724408413,2.69669140501036,1.01825083041589,2.64835669606961,0.00808841331143449,0.0322191266210156,"GUSBP3","Vascular"
"KCNH8",4.69025212339795,1.29913206096553,0.490732172771233,2.64733419378058,0.00811291334005384,0.0322496721152348,"KCNH8","Vascular"
"DBNDD2",5.34639134697873,1.15566289657374,0.436763888657151,2.64596713827892,0.00814577293145213,0.0323132524568577,"DBNDD2","Vascular"
"PHLDB2",6.37078022918061,-1.36535155078503,0.51686164824181,-2.64161900080902,0.00825108155733796,0.0325289552754312,"PHLDB2","Vascular"
"TMCC1",3.23962086919283,-1.10196917368706,0.417340968834666,-2.64045290536433,0.00827952989569714,0.0325740847641801,"TMCC1","Vascular"
"ZNF397",1.1426630878045,1.77934828905803,0.674206460955112,2.639174187885,0.00831082664258529,0.0326302128016259,"ZNF397","Vascular"
"MID1",3.89147885448986,-1.08392135726931,0.411191219707308,-2.63605180587479,0.0083876924669289,0.0328646600544699,"MID1","Vascular"
"LGALS1",6.61617211929808,1.5116929520811,0.573764030725211,2.63469452794102,0.00842130334252317,0.0329290147026008,"LGALS1","Vascular"
"FNIP2",2.6944121798761,1.37140311962976,0.521169626271884,2.63139494417568,0.00850351529144255,0.0331153156471625,"FNIP2","Vascular"
"MPPED2",2.52683783574414,-1.69509988041676,0.645210686865785,-2.62720366373809,0.00860897902336524,0.033390291110866,"MPPED2","Vascular"
"NUTM2A-AS1",4.47405155718094,1.2039567756042,0.459041713437144,2.62276115734537,0.0087220393072862,0.0336865502396931,"NUTM2A-AS1","Vascular"
"CSMD3",3.63497883324111,-2.05581226732758,0.784829208410007,-2.61943903883555,0.00880745129381571,0.0338177889357733,"CSMD3","Vascular"
"FGF12",4.13878070942259,-2.05853340430674,0.787575623637276,-2.61375967275342,0.00895520035627466,0.0339765621438064,"FGF12","Vascular"
"DOCK5",5.29216883202468,1.71066207244496,0.654359286685048,2.61425505414784,0.00894222542128541,0.0339765621438064,"DOCK5","Vascular"
"ANKRD11",2.49973548359831,1.12774141730322,0.431328933387203,2.61457400607728,0.00893388038083401,0.0339765621438064,"ANKRD11","Vascular"
"WBP2",2.29460354873978,1.32602263354934,0.506898748754909,2.61595168030389,0.00889791484100663,0.0339765621438064,"WBP2","Vascular"
"SELENOF",2.23177022993834,1.06442675596089,0.40756859078294,2.61165060319326,0.0090106290734859,0.0341192990213419,"SELENOF","Vascular"
"KCNMB4",4.81575154591543,1.57974584155387,0.605744684650643,2.6079400803409,0.00910888977776423,0.0344074199564333,"KCNMB4","Vascular"
"ZNF536",6.03300969428859,1.59707218521704,0.615599200830797,2.594337651936,0.00947733609170591,0.0355353736824041,"ZNF536","Vascular"
"DLG1",8.47529542650668,1.19269142809754,0.46163374371851,2.5836313838115,0.00977662223654789,0.0365006146309107,"DLG1","Vascular"
"MAP7",6.6424674720202,1.47090994180683,0.569287802492001,2.5837721015066,0.00977263456684673,0.0365006146309107,"MAP7","Vascular"
"MAP2",4.09547634639108,-1.88206526935466,0.729011518798047,-2.5816673959524,0.00983242943861065,0.0365804559308311,"MAP2","Vascular"
"RXFP1",1.53700746681071,-3.72364226004632,1.44298427409558,-2.58051478931064,0.0098653130581666,0.0366316663167582,"RXFP1","Vascular"
"EYS",1.25037629835189,-3.20115527968896,1.24112235513703,-2.57924230148569,0.0099017306356141,0.0366718432636255,"EYS","Vascular"
"RTN1",3.09278737703364,-1.21243669409652,0.470155353188974,-2.57880014738276,0.00991441274037475,0.0366718432636255,"RTN1","Vascular"
"PDE8A",8.28998920391948,1.4610736277564,0.567709587340266,2.57362859521461,0.0100638240296408,0.0371527684793675,"PDE8A","Vascular"
"PPP2R3C",2.66803433003881,1.04757197403701,0.407358092917655,2.57162430856327,0.0101222668968934,0.0372966603354763,"PPP2R3C","Vascular"
"GBP2",2.32076418846091,2.88564310972223,1.12722266741125,2.55995837659059,0.0104684700590582,0.0384982507354234,"GBP2","Vascular"
"ADAMTSL3",3.73431403546032,-1.62615871765746,0.63565766444947,-2.55823033151947,0.0105206382746715,0.0386159826327022,"ADAMTSL3","Vascular"
"TMEM144",12.0739523049158,1.81070118744116,0.709177724371822,2.55324035881845,0.0106725817421601,0.0390987889445099,"TMEM144","Vascular"
"LINC00342",2.17305724724021,-1.45298958779358,0.570903402565711,-2.54507081454352,0.0109255578985047,0.0399491773540744,"LINC00342","Vascular"
"INPP4B",6.74547731548176,-1.42364375157278,0.56047670658817,-2.54005873007467,0.0110833855660014,0.0404490795132546,"INPP4B","Vascular"
"MMP16",6.152263415509,-3.3565828838084,1.32215372993467,-2.53872360513952,0.0111257680622134,0.040450295561261,"MMP16","Vascular"
"ZNF146",1.60813935332344,1.79048122331909,0.705269800869815,2.53871812051342,0.011125942463875,0.040450295561261,"ZNF146","Vascular"
"UNC79",3.07133773816757,-2.75934311295741,1.08834818912247,-2.53534956968344,0.011233516440143,0.0407640482941553,"UNC79","Vascular"
"NR4A2",3.02400678633568,-1.71713175982352,0.680513294692434,-2.52328907196384,0.011626278500976,0.0419620897909037,"NR4A2","Vascular"
"CYBA",3.26531368041228,2.28132892291056,0.904142703143649,2.5231956360191,0.0116293683084394,0.0419620897909037,"CYBA","Vascular"
"UFL1",2.0492613773508,1.17347511950226,0.465484787816015,2.52097415472593,0.0117030447534308,0.0421485596758898,"UFL1","Vascular"
"RTN3",3.73956616610617,-1.69652550826693,0.673514108774382,-2.51891606451149,0.0117716714529794,0.0421579859886141,"RTN3","Vascular"
"EMP2",2.30641320118888,3.21755412099128,1.27718066579964,2.51926309812776,0.0117600747113234,0.0421579859886141,"EMP2","Vascular"
"STIM2",2.24045619778247,-1.13113539120673,0.449898970891792,-2.51419866323451,0.0119303208091126,0.0426464452803352,"STIM2","Vascular"
"BNIP3L",3.48544154714429,1.25738401299641,0.500730723847895,2.51109818733303,0.0120356215669804,0.0429427391477364,"BNIP3L","Vascular"
"MARCKSL1",2.41789972566023,1.18478793761558,0.472453607424197,2.50773392137909,0.0121508125825472,0.0430461099192634,"MARCKSL1","Vascular"
"PSME4",2.46310387020438,1.04661112263592,0.417588194800478,2.50632353995541,0.0121993933643842,0.0430461099192634,"PSME4","Vascular"
"SOS2",2.50120339006688,1.04952836239743,0.418538506196275,2.50760287729716,0.012155319178183,0.0430461099192634,"SOS2","Vascular"
"RPL26",10.7895568507941,-1.14521549345774,0.456923531380209,-2.50636138173587,0.0121980876553982,0.0430461099192634,"RPL26","Vascular"
"NR2F1-AS1",4.61539873499762,-1.60033922057701,0.640281379427144,-2.49943114386495,0.0124392870000226,0.0437315117285198,"NR2F1-AS1","Vascular"
"TGFBR3",2.4318340828576,-2.17743132090604,0.873271755818222,-2.49341777791252,0.0126519883173334,0.0443166537769851,"TGFBR3","Vascular"
"MITF",2.79705019874739,1.39311006407891,0.558578169769203,2.49402883871119,0.0126302282346804,0.0443166537769851,"MITF","Vascular"
"LINC00639",1.52926114661433,2.59080071700017,1.03945859464454,2.49245206143698,0.0126864454796549,0.0443562582828812,"LINC00639","Vascular"
"STAMBP",1.42550639561743,1.58690372192784,0.637439138404118,2.48949841062598,0.0127923490507408,0.044645065175263,"STAMBP","Vascular"
"LRRTM4",3.95187053213636,-2.45320951640694,0.987842177353815,-2.48340228089722,0.0130134033543897,0.0452052234680558,"LRRTM4","Vascular"
"PXK",2.85011938110772,1.40328000983155,0.565127209305478,2.4831223602844,0.013023634318563,0.0452052234680558,"PXK","Vascular"
"SELENOP",6.03313974397988,1.28318159802018,0.517279197846685,2.48063638236714,0.0131148082264383,0.0454393717212581,"SELENOP","Vascular"
"DDIT4",5.46288179459014,1.12621720625127,0.454872963809168,2.47589392172305,0.0132903059000659,0.045881488476624,"DDIT4","Vascular"
"NDST4",1.18875152872185,-2.18622889957989,0.885486908086343,-2.46895677351643,0.013550758633073,0.0466964991744028,"NDST4","Vascular"
"ATP2B1",4.46008625472329,-1.52259302883886,0.617145793824123,-2.46715289008803,0.0136192192805902,0.0467642009706286,"ATP2B1","Vascular"
"RPL36A",6.4576775153014,-1.19133145988559,0.483778253709167,-2.46255686515787,0.0137950295491349,0.0472831424260151,"RPL36A","Vascular"
"CEMIP",34.6912283487357,-2.23863493627366,0.909927257709959,-2.46023505429182,0.0138846046558198,0.047321818316672,"CEMIP","Vascular"
"LAMP2",5.36926193421476,1.22956922680852,0.499699173494793,2.46061889238112,0.0138697609035513,0.047321818316672,"LAMP2","Vascular"
"IFITM3",19.7148915891967,1.82677358933422,0.744370076774195,2.45412012966821,0.0141229792492828,0.0478931473303112,"IFITM3","Vascular"
"ABCA6",1.7495329738385,2.03067787162834,0.828367089239082,2.45142268205473,0.0142292752497783,0.0480834063114201,"ABCA6","Vascular"
"HIP1",3.98259564330697,1.38773586099648,0.566402638620987,2.45008721070788,0.0142821617807319,0.0481771513589478,"HIP1","Vascular"
"NELL2",2.19238547354619,-3.76712015036552,1.53960468371751,-2.44681000922228,0.0144126790717673,0.0485319738163554,"NELL2","Vascular"
"MOG",1.20888031001958,3.35579913952971,1.37251581373468,2.44499852456959,0.014485273452999,0.048583364677782,"MOG","Vascular"
"ASIC2",1.74913622240974,-3.62113409612268,1.48113862803523,-2.4448313126005,0.01449199061979,0.048583364677782,"ASIC2","Vascular"
"LINC03048",1.23423815842556,2.66763433541779,1.09126575071451,2.44453226326507,0.014504010749317,0.048583364677782,"LINC03048","Vascular"
"PAM",3.23546380552189,-1.33744914059798,0.547910761988071,-2.44099812119971,0.014646730966678,0.04886877081296,"PAM","Vascular"
"MTG1",1.37981731428974,1.64809030575955,0.675590582290489,2.43948087637922,0.0147083811416552,0.0488838839338905,"MTG1","Vascular"
"TRHDE",3.12135076625211,-2.71400960244416,1.11268035124726,-2.43916377187921,0.0147212949007593,0.0488838839338905,"TRHDE","Vascular"
"CHN2",3.39676955387261,-1.47033689591286,0.60369747105953,-2.43555251827098,0.0148690659659471,0.0492040248544986,"CHN2","Vascular"
"SLC13A3",7.13249333477096,-1.37675390321707,0.566570357605404,-2.42997870385575,0.0150997100285377,0.049795257168121,"SLC13A3","Vascular"
"MAST4",5.4062676887534,-1.31880270245236,0.54325308275016,-2.42760279569159,0.0151989789528762,0.0499506752550785,"MAST4","Vascular"
