"p_val","avg_log2FC","pct.1","pct.2","p_val_adj","cluster","gene"
0,2.12068878524759,0.571,0.161,0,"0","LINC01608"
0,1.94394067096431,0.302,0.095,0,"0","LINC00639"
0,1.93713090229001,0.415,0.135,0,"0","HHIP"
0,1.88890269493989,0.391,0.122,0,"0","SLCO1A2"
0,1.8823957030304,0.363,0.126,0,"0","LPAR1"
0,1.83638152133295,0.275,0.098,0,"0","LINC01170"
0,1.82234313502035,0.372,0.134,0,"0","SLC7A14-AS1"
0,1.80802207801429,0.886,0.369,0,"0","CTNNA3"
0,1.79558626123592,0.389,0.136,0,"0","CLMN"
0,1.79489599148133,0.32,0.101,0,"0","OPALIN"
0,5.15637143516649,0.484,0.019,0,"1","GNA14"
0,5.09011297871386,0.341,0.011,0,"1","SLCO1C1"
0,5.01456010217407,0.613,0.025,0,"1","LINC00499"
0,4.99943198021891,0.749,0.035,0,"1","OBI1-AS1"
0,4.91798244460825,0.357,0.013,0,"1","GLI3"
0,4.8439612660282,0.939,0.125,0,"1","SLC1A2"
0,4.70874910955174,0.593,0.032,0,"1","TPD52L1"
0,4.48438633536258,0.378,0.017,0,"1","ETNPPL"
0,4.44322220017074,0.447,0.025,0,"1","PAMR1"
0,4.43667376734639,0.556,0.039,0,"1","COL5A3"
0,8.5424028762281,0.549,0.003,0,"2","ENSG00000278254"
0,6.83187709362569,0.396,0.005,0,"2","PDGFRA"
0,6.45765255915099,0.338,0.007,0,"2","MIR3681HG"
0,6.2511740864819,0.254,0.005,0,"2","COL9A1"
0,6.09954258448927,0.882,0.045,0,"2","PCDH15"
0,6.04808667158847,0.328,0.008,0,"2","ENSG00000231424"
0,5.98817967870553,0.253,0.005,0,"2","GPNMB"
0,5.86720760126796,0.414,0.011,0,"2","MEGF11"
0,5.75393109964874,0.942,0.062,0,"2","LHFPL3"
0,5.70556321997581,0.865,0.067,0,"2","TNR"
0,2.50247085858564,0.65,0.172,0,"3","DBNDD2"
0,2.38727676875087,0.308,0.074,0,"3","EVI2A"
0,2.30766209475291,0.749,0.285,0,"3","CRYAB"
0,2.29948963764992,0.424,0.114,0,"3","SELENOP"
0,2.2318638930085,0.307,0.086,0,"3","CBR1"
0,2.21224959467388,0.268,0.071,0,"3","HSPA2"
0,2.20888550781818,0.469,0.129,0,"3","PPP1R14A"
0,2.12710206680577,0.482,0.139,0,"3","RNASE1"
0,2.12337811911885,0.639,0.215,0,"3","CLDND1"
0,2.11478979942978,0.5,0.149,0,"3","CD9"
0,3.21008240760665,0.365,0.046,0,"4","ENSG00000228793"
0,3.1648824861387,0.498,0.067,0,"4","SLC5A11"
0,2.81615873999377,0.537,0.097,0,"4","ENSG00000286749"
0,2.38924060847767,0.261,0.049,0,"4","LRP2"
0,2.29646407033515,0.372,0.079,0,"4","LINC02882"
0,2.17953027636026,0.402,0.112,0,"4","SYNJ2"
0,2.05012884731707,0.363,0.096,0,"4","CDK18"
0,2.02248413340164,0.374,0.105,0,"4","LINC00609"
0,2.00138844994255,0.625,0.175,0,"4","ENSG00000227088"
0,1.90672123871847,0.327,0.096,0,"4","PCSK6"
0,9.24982454738803,0.42,0.002,0,"5","SYK"
0,8.65016951017995,0.343,0.002,0,"5","CSF3R"
0,8.58936504030794,0.266,0.002,0,"5","LNCAROD"
0,8.51316715301748,0.553,0.004,0,"5","APBB1IP"
0,8.41235460661114,0.542,0.004,0,"5","ADAM28"
0,8.37385831730177,0.456,0.004,0,"5","LINC01374"
0,8.15790630607176,0.296,0.002,0,"5","SAMSN1"
0,8.07652745508787,0.375,0.003,0,"5","SLCO2B1"
0,8.06768200736644,0.577,0.006,0,"5","DOCK8"
0,7.95963795054233,0.327,0.003,0,"5","CSF2RA"
0,5.25881790793082,0.357,0.013,0,"6","TNC"
0,5.23881804445379,0.543,0.021,0,"6","ENSG00000287704"
0,4.75107580962378,0.369,0.02,0,"6","ID3"
0,4.52717297035081,0.278,0.018,0,"6","LINC01094"
0,4.25423856263895,0.3,0.019,0,"6","CD44"
0,4.10003347492328,0.36,0.027,0,"6","WDR49"
0,3.71782794118054,0.823,0.108,0,"6","GFAP"
0,3.51000844687524,0.317,0.033,0,"6","AEBP1"
0,3.27284813941625,0.978,0.335,0,"6","DPP10"
0,3.26596660649761,0.353,0.061,0,"6","SLC38A1"
0,7.02579904896565,0.391,0.005,0,"7","ENSG00000287172"
0,5.79312263859978,0.527,0.011,0,"7","LINC03000"
0,5.62799388852753,0.371,0.007,0,"7","ENSG00000253693"
0,5.44561228190506,0.272,0.008,0,"7","ENSG00000254394"
0,5.00002348015427,0.268,0.009,0,"7","ENSG00000239498"
0,4.89195485531402,0.367,0.014,0,"7","PYDC2-AS1"
0,4.64856339985896,0.384,0.017,0,"7","CPNE4"
0,4.55660894625901,0.43,0.018,0,"7","HTR1F"
0,4.4963052249473,0.483,0.021,0,"7","IL1RAPL2"
0,4.43315162425862,0.58,0.036,0,"7","TSHZ2"
0,3.21014854893973,0.824,0.168,0,"8","CNDP1"
0,2.50880079544824,0.455,0.103,0,"8","CDH19"
5.92650812125104e-269,1.99122473041339,0.375,0.146,1.50651836442202e-264,"8","ITPKB"
0,1.78195726501145,0.744,0.372,0,"8","PEX5L"
0,1.76456538315517,0.663,0.269,0,"8","QDPR"
0,1.73763621464121,0.396,0.135,0,"8","MYRF"
0,1.65675801455657,0.548,0.234,0,"8","DOCK5"
1.1618548100347e-213,1.61512653630644,0.312,0.114,2.95343492710821e-209,"8","PLD1"
7.8779721213321e-254,1.60593570492672,0.353,0.127,2.00258051324262e-249,"8","GPR37"
2.12016031814027e-250,1.59490225835017,0.46,0.215,5.38944752871256e-246,"8","NFASC"
0,6.02716881610996,0.265,0.004,0,"9","ENSG00000251293"
0,5.70092763470534,0.458,0.01,0,"9","CBLN2"
0,5.57958222009007,0.314,0.007,0,"9","TESPA1"
0,5.12039785250781,0.706,0.028,0,"9","ENSG00000229618"
0,4.34496479498366,0.619,0.035,0,"9","ENC1"
0,4.19117661172583,0.346,0.018,0,"9","LY86-AS1"
0,4.17731253411191,0.374,0.018,0,"9","EPIC1"
0,4.09088154932426,0.709,0.05,0,"9","CDH12"
0,4.04767634781233,0.263,0.014,0,"9","CUX2"
0,4.01995749941003,0.373,0.024,0,"9","LINC01250"
0,6.84400666088923,0.344,0.004,0,"10","VIP"
0,6.17711137031837,0.386,0.006,0,"10","CALB2"
0,4.97108605468087,0.263,0.01,0,"10","HTR2C"
0,4.80436029166641,0.44,0.021,0,"10","DLX6-AS1"
0,4.66767524801013,0.752,0.046,0,"10","SYNPR"
0,4.31848906315871,0.267,0.016,0,"10","CNR1"
0,4.12858325714985,0.311,0.02,0,"10","ABTB3"
0,4.08671288177479,0.402,0.03,0,"10","C8orf34"
0,4.02761291710971,0.509,0.066,0,"10","CCK"
0,3.91703054087526,0.346,0.027,0,"10","SCG2"
1.97038223405802e-178,1.80255868475796,0.308,0.105,5.00871163897548e-174,"11","XIST"
4.06627052416401e-104,1.45961632732526,0.254,0.101,1.03364596724249e-99,"11","TMTC4"
3.16858039703042e-111,1.37348320193813,0.319,0.141,8.05453136925133e-107,"11","CCP110"
4.92521624932224e-92,1.29099248951429,0.33,0.161,1.25198997057771e-87,"11","KCNMB4"
5.33089697543482e-72,1.21851728136892,0.269,0.13,1.35511401115553e-67,"11","SYNJ2"
3.04269642396855e-124,1.20174240319962,0.392,0.179,7.73453430972807e-120,"11","CLMN"
5.80945973707577e-49,1.15767729130639,0.267,0.151,1.47676466516466e-44,"11","SUN2"
4.13274673818923e-180,1.15170024547978,0.693,0.432,1.0505442208477e-175,"11","ERBIN"
1.36226755604819e-223,1.11263093440028,0.771,0.464,3.4628841274745e-219,"11","SLC44A1"
2.02006817455942e-132,1.08443769040935,0.554,0.308,5.13501329973003e-128,"11","PRUNE2"
0,5.93578172080748,0.269,0.003,0,"12","TAC1"
0,4.21656840482974,0.363,0.019,0,"12","ANK1"
0,4.19692739071303,0.277,0.015,0,"12","TRPC4"
0,4.17658513088344,0.422,0.022,0,"12","ABTB3"
0,4.11946503173195,0.895,0.079,0,"12","KIAA1217"
0,4.09578973000531,0.29,0.02,0,"12","SAMD5"
0,4.04775644852857,0.812,0.087,0,"12","KCNC2"
0,4.03080480066845,0.472,0.026,0,"12","GAD2"
0,3.94105547030633,0.304,0.02,0,"12","ENSG00000227681"
0,3.92697197566975,0.445,0.04,0,"12","ELAVL2"
0,4.64299598143797,0.296,0.031,0,"13","ARHGAP29"
0,3.90332988251871,0.575,0.084,0,"13","LAMA2"
4.81653897538446e-59,2.33646126861779,0.274,0.121,1.22436420754273e-54,"13","ATP1A2"
8.18880324945431e-97,2.22831268176371,0.294,0.101,2.08159378601129e-92,"13","PPFIBP1"
1.67878576016819e-54,1.96327320324836,0.377,0.212,4.26747340234754e-50,"13","PTN"
1.1163230860792e-63,1.95457153832905,0.274,0.113,2.83769328481331e-59,"13","SLC20A2"
9.16839550462767e-19,1.91859546631492,0.643,0.592,2.33060613727635e-14,"13","PTGDS"
1.19778283047775e-54,1.86878602966816,0.292,0.138,3.04476395507444e-50,"13","LHFPL6"
9.42367353445643e-64,1.85829892761388,0.442,0.24,2.39549781245883e-59,"13","B2M"
3.68556414066678e-49,1.7163440006801,0.297,0.145,9.36870404557497e-45,"13","TACC1"
0,7.05487753295978,0.562,0.008,0,"14","SST"
0,5.06930931057157,0.404,0.02,0,"14","GRIN3A"
0,4.46610977765179,0.945,0.119,0,"14","GRIK1"
0,4.32821305851227,0.338,0.02,0,"14","GRIK3"
0,4.26841088121796,0.834,0.081,0,"14","KIAA1217"
0,4.16936970128541,0.964,0.131,0,"14","ROBO2"
0,4.16061783769759,0.263,0.015,0,"14","PAWR"
0,3.941602585936,0.531,0.055,0,"14","KIF26B"
0,3.92575470253566,0.702,0.059,0,"14","SYNPR"
0,3.83522774141699,0.507,0.056,0,"14","CDH9"
0,5.99625588234716,0.46,0.01,0,"15","ENSG00000251031"
0,5.97668416434405,0.278,0.003,0,"15","SV2C"
0,5.87547865995601,0.838,0.031,0,"15","FGF13"
0,5.76697490621661,0.305,0.007,0,"15","NXPH2"
0,5.5327585378901,0.254,0.005,0,"15","ENSG00000250842"
0,5.52421040671681,0.254,0.005,0,"15","TACR1"
0,4.85574214693218,0.559,0.026,0,"15","GAD2"
0,4.69169232076359,0.625,0.036,0,"15","PRELID2"
0,4.67079594843419,0.323,0.013,0,"15","ANKRD55"
0,4.65184691355098,0.494,0.018,0,"15","KIT"
0,5.60421009631637,0.669,0.042,0,"16","CXCL14"
0,5.30580142012134,0.393,0.012,0,"16","CHRNA7"
0,5.25961801992823,0.682,0.037,0,"16","RELN"
0,4.95127579189111,0.462,0.018,0,"16","CNR1"
0,4.92001312798131,0.359,0.014,0,"16","THSD7B"
0,4.15262689123126,0.529,0.035,0,"16","IL1RAPL2"
0,4.05211403921902,0.563,0.073,0,"16","CCK"
0,4.03639622305731,0.255,0.014,0,"16","GRIP2"
0,3.9036057149124,0.495,0.043,0,"16","PRR16"
0,3.84456423077453,0.837,0.086,0,"16","FSTL5"
0,10.3718569672473,0.266,0,0,"17","CRTAM"
0,6.85051618188189,0.364,0.004,0,"17","ENSG00000243620"
0,5.64087009938506,0.269,0.011,0,"17","PKIB"
0,5.39926447618208,0.25,0.016,0,"17","CHGB"
0,5.34444157572438,0.621,0.044,0,"17","UNC13C"
0,5.19192138542854,0.841,0.087,0,"17","CADPS2"
0,5.18801064723695,0.299,0.018,0,"17","SPHKAP"
0,4.93297502607052,0.822,0.097,0,"17","CDH18"
0,4.90727579386791,0.898,0.086,0,"17","ZNF385D"
0,4.84830980135408,0.378,0.034,0,"17","RIT2"
0,6.03135845639447,0.372,0.007,0,"18","ENSG00000289413"
0,5.23510595949172,0.304,0.01,0,"18","ENSG00000229588"
0,4.82664520692914,0.314,0.008,0,"18","NPNT"
0,4.56555407368926,0.642,0.028,0,"18","SCN1A-AS1"
0,4.48507066614444,0.993,0.152,0,"18","CNTN5"
0,4.45128991779101,0.973,0.091,0,"18","ZNF385D"
1.48209367950508e-260,4.19927300596102,0.276,0.016,3.76748213330191e-256,"18","MARCHF11"
0,4.16019699488687,0.515,0.03,0,"18","PLCXD3"
0,4.12085629953512,0.901,0.103,0,"18","THSD7A"
0,4.11483976748416,0.56,0.035,0,"18","HTR1F"
0,6.27915111312127,0.782,0.011,0,"19","ADAMTSL1"
0,4.98125941806557,0.577,0.012,0,"19","SEMA3E"
9.8743196533435e-288,4.7437432018102,0.286,0.012,2.51005205587992e-283,"19","COL24A1"
0,4.6759097048712,0.282,0.009,0,"19","LINC02217"
0,4.35277611368107,0.278,0.01,0,"19","TBR1"
0,4.35122904474205,0.85,0.047,0,"19","NPTX1"
0,4.29309050923166,0.543,0.022,0,"19","ENSG00000286481"
0,4.24057858772932,0.415,0.016,0,"19","RXFP1"
0,4.10371378557381,0.342,0.013,0,"19","LINC01821"
0,4.09819339091014,0.363,0.014,0,"19","GLIS1"
