"sample","condition","seurat_clusters","n","prop"
"AD_1","AD","0",254,0.120779838326201
"AD_1","AD","1",252,0.119828815977175
"AD_1","AD","2",144,0.0684736091298146
"AD_1","AD","3",118,0.0561103185924869
"AD_1","AD","4",111,0.0527817403708987
"AD_1","AD","5",239,0.113647170708512
"AD_1","AD","6",57,0.0271041369472183
"AD_1","AD","7",150,0.0713266761768902
"AD_1","AD","8",92,0.0437470280551593
"AD_1","AD","9",139,0.0660960532572515
"AD_1","AD","10",164,0.0779838326200666
"AD_1","AD","11",21,0.00998573466476462
"AD_1","AD","12",95,0.0451735615786971
"AD_1","AD","13",10,0.00475511174512601
"AD_1","AD","14",142,0.0675225867807893
"AD_1","AD","15",37,0.0175939134569662
"AD_1","AD","16",49,0.0233000475511175
"AD_1","AD","17",11,0.00523062291963861
"AD_1","AD","18",17,0.00808368996671422
"AD_1","AD","19",1,0.000475511174512601
"AD_10","AD","0",773,0.297880539499037
"AD_10","AD","1",151,0.0581888246628131
"AD_10","AD","2",65,0.0250481695568401
"AD_10","AD","3",354,0.136416184971098
"AD_10","AD","4",351,0.135260115606936
"AD_10","AD","5",90,0.0346820809248555
"AD_10","AD","6",96,0.0369942196531792
"AD_10","AD","7",9,0.00346820809248555
"AD_10","AD","8",259,0.0998073217726397
"AD_10","AD","9",3,0.00115606936416185
"AD_10","AD","10",29,0.0111753371868979
"AD_10","AD","11",251,0.0967244701348748
"AD_10","AD","12",5,0.00192678227360308
"AD_10","AD","13",112,0.0431599229287091
"AD_10","AD","14",1,0.000385356454720617
"AD_10","AD","15",32,0.0123314065510597
"AD_10","AD","16",12,0.0046242774566474
"AD_10","AD","17",1,0.000385356454720617
"AD_10","AD","18",1,0.000385356454720617
"AD_11","AD","0",762,0.294435857805255
"AD_11","AD","1",152,0.0587326120556414
"AD_11","AD","2",64,0.0247295208655332
"AD_11","AD","3",335,0.129443585780526
"AD_11","AD","4",342,0.132148377125193
"AD_11","AD","5",91,0.0351622874806801
"AD_11","AD","6",95,0.0367078825347759
"AD_11","AD","7",7,0.0027047913446677
"AD_11","AD","8",271,0.104714064914992
"AD_11","AD","9",4,0.00154559505409583
"AD_11","AD","10",31,0.0119783616692427
"AD_11","AD","11",271,0.104714064914992
"AD_11","AD","12",9,0.00347758887171561
"AD_11","AD","13",107,0.0413446676970634
"AD_11","AD","14",7,0.0027047913446677
"AD_11","AD","15",32,0.0123647604327666
"AD_11","AD","16",6,0.00231839258114374
"AD_11","AD","17",1,0.000386398763523957
"AD_11","AD","18",1,0.000386398763523957
"AD_12","AD","0",829,0.319706903200926
"AD_12","AD","1",151,0.0582337061318936
"AD_12","AD","2",65,0.0250674893945237
"AD_12","AD","3",343,0.132279213266487
"AD_12","AD","4",335,0.129193983802545
"AD_12","AD","5",90,0.0347088314693405
"AD_12","AD","6",96,0.0370227535672966
"AD_12","AD","7",8,0.00308522946394138
"AD_12","AD","8",274,0.105669109139992
"AD_12","AD","9",1,0.000385653682992673
"AD_12","AD","10",22,0.0084843810258388
"AD_12","AD","11",254,0.0979560354801388
"AD_12","AD","12",10,0.00385653682992673
"AD_12","AD","13",67,0.0258387967605091
"AD_12","AD","14",5,0.00192826841496336
"AD_12","AD","15",32,0.0123409178557655
"AD_12","AD","16",10,0.00385653682992673
"AD_12","AD","18",1,0.000385653682992673
"AD_13","AD","0",96,0.169312169312169
"AD_13","AD","1",59,0.104056437389771
"AD_13","AD","2",108,0.19047619047619
"AD_13","AD","3",55,0.0970017636684303
"AD_13","AD","4",41,0.072310405643739
"AD_13","AD","5",11,0.0194003527336861
"AD_13","AD","6",37,0.0652557319223986
"AD_13","AD","7",22,0.0388007054673721
"AD_13","AD","8",18,0.0317460317460317
"AD_13","AD","9",1,0.0017636684303351
"AD_13","AD","10",18,0.0317460317460317
"AD_13","AD","11",32,0.0564373897707231
"AD_13","AD","12",8,0.0141093474426808
"AD_13","AD","13",16,0.0282186948853616
"AD_13","AD","14",2,0.00352733686067019
"AD_13","AD","15",11,0.0194003527336861
"AD_13","AD","16",8,0.0141093474426808
"AD_13","AD","17",21,0.037037037037037
"AD_13","AD","18",3,0.00529100529100529
"AD_14","AD","0",102,0.180851063829787
"AD_14","AD","1",58,0.102836879432624
"AD_14","AD","2",112,0.198581560283688
"AD_14","AD","3",52,0.0921985815602837
"AD_14","AD","4",38,0.0673758865248227
"AD_14","AD","5",11,0.0195035460992908
"AD_14","AD","6",38,0.0673758865248227
"AD_14","AD","7",33,0.0585106382978723
"AD_14","AD","8",14,0.024822695035461
"AD_14","AD","9",1,0.00177304964539007
"AD_14","AD","10",18,0.0319148936170213
"AD_14","AD","11",30,0.0531914893617021
"AD_14","AD","12",9,0.0159574468085106
"AD_14","AD","13",14,0.024822695035461
"AD_14","AD","14",1,0.00177304964539007
"AD_14","AD","15",5,0.00886524822695036
"AD_14","AD","16",5,0.00886524822695036
"AD_14","AD","17",21,0.0372340425531915
"AD_14","AD","18",2,0.00354609929078014
"AD_15","AD","0",103,0.180701754385965
"AD_15","AD","1",60,0.105263157894737
"AD_15","AD","2",104,0.182456140350877
"AD_15","AD","3",61,0.107017543859649
"AD_15","AD","4",34,0.0596491228070175
"AD_15","AD","5",8,0.0140350877192982
"AD_15","AD","6",39,0.068421052631579
"AD_15","AD","7",32,0.056140350877193
"AD_15","AD","8",13,0.0228070175438597
"AD_15","AD","9",2,0.00350877192982456
"AD_15","AD","10",20,0.0350877192982456
"AD_15","AD","11",26,0.0456140350877193
"AD_15","AD","12",7,0.012280701754386
"AD_15","AD","13",11,0.0192982456140351
"AD_15","AD","14",2,0.00350877192982456
"AD_15","AD","15",15,0.0263157894736842
"AD_15","AD","16",10,0.0175438596491228
"AD_15","AD","17",20,0.0350877192982456
"AD_15","AD","18",3,0.00526315789473684
"AD_16","AD","0",101,0.17595818815331
"AD_16","AD","1",55,0.0958188153310105
"AD_16","AD","2",111,0.193379790940767
"AD_16","AD","3",56,0.0975609756097561
"AD_16","AD","4",40,0.0696864111498258
"AD_16","AD","5",10,0.0174216027874564
"AD_16","AD","6",39,0.0679442508710801
"AD_16","AD","7",24,0.0418118466898955
"AD_16","AD","8",16,0.0278745644599303
"AD_16","AD","9",1,0.00174216027874564
"AD_16","AD","10",22,0.0383275261324042
"AD_16","AD","11",33,0.0574912891986063
"AD_16","AD","12",10,0.0174216027874564
"AD_16","AD","13",12,0.0209059233449477
"AD_16","AD","14",2,0.00348432055749129
"AD_16","AD","15",11,0.0191637630662021
"AD_16","AD","16",10,0.0174216027874564
"AD_16","AD","17",19,0.0331010452961672
"AD_16","AD","18",2,0.00348432055749129
"AD_2","AD","0",261,0.123872804935928
"AD_2","AD","1",249,0.118177503559563
"AD_2","AD","2",145,0.0688182249644044
"AD_2","AD","3",125,0.0593260560037969
"AD_2","AD","4",116,0.0550545799715235
"AD_2","AD","5",237,0.112482202183199
"AD_2","AD","6",60,0.0284765068818225
"AD_2","AD","7",151,0.0716658756525866
"AD_2","AD","8",80,0.03796867584243
"AD_2","AD","9",138,0.0654959658281917
"AD_2","AD","10",163,0.0773611770289511
"AD_2","AD","11",20,0.0094921689606075
"AD_2","AD","12",96,0.045562411010916
"AD_2","AD","13",9,0.00427147603227337
"AD_2","AD","14",142,0.0673943996203132
"AD_2","AD","15",31,0.0147128618889416
"AD_2","AD","16",56,0.026578073089701
"AD_2","AD","17",11,0.00522069292833412
"AD_2","AD","18",17,0.00806834361651637
"AD_3","AD","0",255,0.121082621082621
"AD_3","AD","1",253,0.120132953466287
"AD_3","AD","2",144,0.0683760683760684
"AD_3","AD","3",125,0.0593542260208927
"AD_3","AD","4",109,0.0517568850902184
"AD_3","AD","5",229,0.108736942070275
"AD_3","AD","6",54,0.0256410256410256
"AD_3","AD","7",172,0.0816714150047483
"AD_3","AD","8",83,0.0394112060778727
"AD_3","AD","9",136,0.0645773979107312
"AD_3","AD","10",162,0.0769230769230769
"AD_3","AD","11",22,0.0104463437796771
"AD_3","AD","12",90,0.0427350427350427
"AD_3","AD","13",11,0.00522317188983856
"AD_3","AD","14",142,0.0674264007597341
"AD_3","AD","15",42,0.0199430199430199
"AD_3","AD","16",49,0.0232668566001899
"AD_3","AD","17",11,0.00522317188983856
"AD_3","AD","18",17,0.00807217473884141
"AD_4","AD","0",247,0.117507136060894
"AD_4","AD","1",251,0.119410085632731
"AD_4","AD","2",140,0.0666032350142721
"AD_4","AD","3",116,0.055185537583254
"AD_4","AD","4",110,0.0523311132254995
"AD_4","AD","5",233,0.110846812559467
"AD_4","AD","6",58,0.027592768791627
"AD_4","AD","7",181,0.0861084681255947
"AD_4","AD","8",88,0.0418648905803996
"AD_4","AD","9",126,0.0599429115128449
"AD_4","AD","10",162,0.077069457659372
"AD_4","AD","11",20,0.00951474785918173
"AD_4","AD","12",96,0.0456707897240723
"AD_4","AD","13",11,0.00523311132254995
"AD_4","AD","14",141,0.0670789724072312
"AD_4","AD","15",41,0.0195052331113225
"AD_4","AD","16",54,0.0256898192197907
"AD_4","AD","17",10,0.00475737392959087
"AD_4","AD","18",17,0.00808753568030447
"AD_5","AD","0",183,0.306532663316583
"AD_5","AD","1",67,0.112227805695142
"AD_5","AD","2",77,0.128978224455611
"AD_5","AD","3",85,0.142378559463987
"AD_5","AD","4",44,0.0737018425460637
"AD_5","AD","5",30,0.050251256281407
"AD_5","AD","6",27,0.0452261306532663
"AD_5","AD","7",14,0.0234505862646566
"AD_5","AD","8",25,0.0418760469011725
"AD_5","AD","9",2,0.0033500837520938
"AD_5","AD","10",2,0.0033500837520938
"AD_5","AD","11",17,0.0284757118927973
"AD_5","AD","12",1,0.0016750418760469
"AD_5","AD","13",20,0.033500837520938
"AD_5","AD","14",1,0.0016750418760469
"AD_5","AD","15",1,0.0016750418760469
"AD_5","AD","16",1,0.0016750418760469
"AD_6","AD","0",174,0.293423271500843
"AD_6","AD","1",65,0.109612141652614
"AD_6","AD","2",79,0.133220910623946
"AD_6","AD","3",92,0.155143338954469
"AD_6","AD","4",45,0.075885328836425
"AD_6","AD","5",28,0.0472175379426644
"AD_6","AD","6",27,0.045531197301855
"AD_6","AD","7",13,0.0219224283305228
"AD_6","AD","8",26,0.0438448566610455
"AD_6","AD","9",3,0.00505902192242833
"AD_6","AD","10",2,0.00337268128161889
"AD_6","AD","11",15,0.0252951096121417
"AD_6","AD","12",1,0.00168634064080944
"AD_6","AD","13",22,0.0370994940978078
"AD_6","AD","15",1,0.00168634064080944
"AD_7","AD","0",173,0.290268456375839
"AD_7","AD","1",63,0.105704697986577
"AD_7","AD","2",82,0.13758389261745
"AD_7","AD","3",88,0.147651006711409
"AD_7","AD","4",48,0.0805369127516778
"AD_7","AD","5",29,0.0486577181208054
"AD_7","AD","6",26,0.0436241610738255
"AD_7","AD","7",14,0.023489932885906
"AD_7","AD","8",24,0.0402684563758389
"AD_7","AD","9",4,0.00671140939597315
"AD_7","AD","10",2,0.00335570469798658
"AD_7","AD","11",18,0.0302013422818792
"AD_7","AD","12",2,0.00335570469798658
"AD_7","AD","13",22,0.0369127516778524
"AD_7","AD","15",1,0.00167785234899329
"AD_8","AD","0",179,0.300840336134454
"AD_8","AD","1",74,0.12436974789916
"AD_8","AD","2",66,0.110924369747899
"AD_8","AD","3",92,0.154621848739496
"AD_8","AD","4",45,0.0756302521008403
"AD_8","AD","5",31,0.0521008403361345
"AD_8","AD","6",27,0.0453781512605042
"AD_8","AD","7",13,0.0218487394957983
"AD_8","AD","8",21,0.0352941176470588
"AD_8","AD","9",2,0.00336134453781513
"AD_8","AD","10",2,0.00336134453781513
"AD_8","AD","11",18,0.0302521008403361
"AD_8","AD","12",1,0.00168067226890756
"AD_8","AD","13",23,0.038655462184874
"AD_8","AD","15",1,0.00168067226890756
"AD_9","AD","0",794,0.306327160493827
"AD_9","AD","1",154,0.0594135802469136
"AD_9","AD","2",61,0.023533950617284
"AD_9","AD","3",323,0.124614197530864
"AD_9","AD","4",332,0.128086419753086
"AD_9","AD","5",90,0.0347222222222222
"AD_9","AD","6",93,0.0358796296296296
"AD_9","AD","7",12,0.00462962962962963
"AD_9","AD","8",255,0.0983796296296296
"AD_9","AD","9",11,0.00424382716049383
"AD_9","AD","10",27,0.0104166666666667
"AD_9","AD","11",305,0.11766975308642
"AD_9","AD","12",7,0.00270061728395062
"AD_9","AD","13",77,0.0297067901234568
"AD_9","AD","14",3,0.00115740740740741
"AD_9","AD","15",34,0.0131172839506173
"AD_9","AD","16",11,0.00424382716049383
"AD_9","AD","17",2,0.000771604938271605
"AD_9","AD","18",1,0.000385802469135802
"WT_1","Control","0",533,0.199625468164794
"WT_1","Control","1",562,0.210486891385768
"WT_1","Control","2",422,0.158052434456929
"WT_1","Control","3",282,0.10561797752809
"WT_1","Control","4",172,0.0644194756554307
"WT_1","Control","5",124,0.0464419475655431
"WT_1","Control","6",127,0.0475655430711611
"WT_1","Control","7",15,0.00561797752808989
"WT_1","Control","8",107,0.0400749063670412
"WT_1","Control","9",7,0.00262172284644195
"WT_1","Control","10",51,0.0191011235955056
"WT_1","Control","11",49,0.0183520599250936
"WT_1","Control","12",10,0.00374531835205993
"WT_1","Control","13",26,0.00973782771535581
"WT_1","Control","14",13,0.0048689138576779
"WT_1","Control","15",24,0.00898876404494382
"WT_1","Control","16",36,0.0134831460674157
"WT_1","Control","17",92,0.0344569288389513
"WT_1","Control","18",18,0.00674157303370787
"WT_10","Control","0",115,0.211009174311927
"WT_10","Control","1",103,0.188990825688073
"WT_10","Control","2",72,0.132110091743119
"WT_10","Control","3",42,0.0770642201834862
"WT_10","Control","4",32,0.0587155963302752
"WT_10","Control","5",35,0.0642201834862385
"WT_10","Control","6",38,0.0697247706422018
"WT_10","Control","7",17,0.0311926605504587
"WT_10","Control","8",12,0.0220183486238532
"WT_10","Control","9",1,0.0018348623853211
"WT_10","Control","10",25,0.0458715596330275
"WT_10","Control","11",10,0.018348623853211
"WT_10","Control","12",11,0.0201834862385321
"WT_10","Control","13",6,0.0110091743119266
"WT_10","Control","14",1,0.0018348623853211
"WT_10","Control","15",8,0.0146788990825688
"WT_10","Control","16",10,0.018348623853211
"WT_10","Control","17",3,0.0055045871559633
"WT_10","Control","18",4,0.0073394495412844
"WT_11","Control","0",105,0.193014705882353
"WT_11","Control","1",103,0.189338235294118
"WT_11","Control","2",84,0.154411764705882
"WT_11","Control","3",48,0.0882352941176471
"WT_11","Control","4",31,0.0569852941176471
"WT_11","Control","5",35,0.0643382352941176
"WT_11","Control","6",40,0.0735294117647059
"WT_11","Control","7",10,0.0183823529411765
"WT_11","Control","8",14,0.0257352941176471
"WT_11","Control","9",1,0.00183823529411765
"WT_11","Control","10",22,0.0404411764705882
"WT_11","Control","11",10,0.0183823529411765
"WT_11","Control","12",12,0.0220588235294118
"WT_11","Control","13",6,0.0110294117647059
"WT_11","Control","14",3,0.00551470588235294
"WT_11","Control","15",5,0.00919117647058824
"WT_11","Control","16",9,0.0165441176470588
"WT_11","Control","17",2,0.00367647058823529
"WT_11","Control","18",4,0.00735294117647059
"WT_12","Control","0",108,0.199261992619926
"WT_12","Control","1",104,0.191881918819188
"WT_12","Control","2",74,0.136531365313653
"WT_12","Control","3",47,0.0867158671586716
"WT_12","Control","4",29,0.0535055350553506
"WT_12","Control","5",34,0.0627306273062731
"WT_12","Control","6",35,0.0645756457564576
"WT_12","Control","7",21,0.0387453874538745
"WT_12","Control","8",12,0.022140221402214
"WT_12","Control","9",2,0.003690036900369
"WT_12","Control","10",28,0.0516605166051661
"WT_12","Control","11",7,0.0129151291512915
"WT_12","Control","12",12,0.022140221402214
"WT_12","Control","13",3,0.00553505535055351
"WT_12","Control","14",2,0.003690036900369
"WT_12","Control","15",9,0.0166051660516605
"WT_12","Control","16",10,0.018450184501845
"WT_12","Control","17",1,0.0018450184501845
"WT_12","Control","18",4,0.00738007380073801
"WT_13","Control","0",91,0.0413260672116258
"WT_13","Control","1",372,0.168937329700272
"WT_13","Control","2",89,0.0404178019981835
"WT_13","Control","3",68,0.0308810172570391
"WT_13","Control","4",64,0.0290644868301544
"WT_13","Control","5",49,0.022252497729337
"WT_13","Control","6",113,0.0513169845594914
"WT_13","Control","7",441,0.200272479564033
"WT_13","Control","8",16,0.0072661217075386
"WT_13","Control","9",403,0.183015440508629
"WT_13","Control","10",94,0.0426884650317893
"WT_13","Control","11",33,0.0149863760217984
"WT_13","Control","12",99,0.0449591280653951
"WT_13","Control","13",16,0.0072661217075386
"WT_13","Control","14",47,0.0213442325158946
"WT_13","Control","15",60,0.0272479564032698
"WT_13","Control","16",34,0.0154405086285195
"WT_13","Control","17",41,0.0186194368755677
"WT_13","Control","18",16,0.0072661217075386
"WT_13","Control","19",56,0.0254314259763851
"WT_14","Control","0",93,0.0420433996383363
"WT_14","Control","1",373,0.168625678119349
"WT_14","Control","2",90,0.0406871609403255
"WT_14","Control","3",64,0.0289330922242315
"WT_14","Control","4",66,0.0298372513562387
"WT_14","Control","5",51,0.0230560578661844
"WT_14","Control","6",114,0.0515370705244123
"WT_14","Control","7",419,0.189421338155515
"WT_14","Control","8",15,0.00678119349005425
"WT_14","Control","9",379,0.171338155515371
"WT_14","Control","10",94,0.04249547920434
"WT_14","Control","11",41,0.0185352622061483
"WT_14","Control","12",125,0.0565099457504521
"WT_14","Control","13",19,0.00858951175406872
"WT_14","Control","14",49,0.0221518987341772
"WT_14","Control","15",61,0.0275768535262206
"WT_14","Control","16",35,0.0158227848101266
"WT_14","Control","17",42,0.0189873417721519
"WT_14","Control","18",18,0.0081374321880651
"WT_14","Control","19",64,0.0289330922242315
"WT_15","Control","0",98,0.0445657116871305
"WT_15","Control","1",373,0.16962255570714
"WT_15","Control","2",89,0.0404729422464757
"WT_15","Control","3",65,0.0295588904047294
"WT_15","Control","4",63,0.0286493860845839
"WT_15","Control","5",49,0.0222828558435653
"WT_15","Control","6",110,0.0500227376080036
"WT_15","Control","7",421,0.191450659390632
"WT_15","Control","8",15,0.00682128240109141
"WT_15","Control","9",399,0.181446111869031
"WT_15","Control","10",93,0.0422919508867667
"WT_15","Control","11",34,0.0154615734424739
"WT_15","Control","12",123,0.0559345156889495
"WT_15","Control","13",16,0.00727603456116417
"WT_15","Control","14",47,0.0213733515234197
"WT_15","Control","15",59,0.0268303774442929
"WT_15","Control","16",33,0.0150068212824011
"WT_15","Control","17",42,0.0190995907230559
"WT_15","Control","18",18,0.00818553888130969
"WT_15","Control","19",52,0.0236471123237835
"WT_16","Control","0",93,0.0421386497507929
"WT_16","Control","1",378,0.171273221567739
"WT_16","Control","2",93,0.0421386497507929
"WT_16","Control","3",71,0.0321703670140462
"WT_16","Control","4",65,0.0294517444494789
"WT_16","Control","5",53,0.0240144993203444
"WT_16","Control","6",109,0.0493883099229724
"WT_16","Control","7",416,0.188491164476665
"WT_16","Control","8",12,0.00543724512913457
"WT_16","Control","9",380,0.172179429089261
"WT_16","Control","10",95,0.0430448572723154
"WT_16","Control","11",34,0.0154055278658813
"WT_16","Control","12",126,0.057091073855913
"WT_16","Control","13",18,0.00815586769370186
"WT_16","Control","14",50,0.0226551880380607
"WT_16","Control","15",61,0.0276393294064341
"WT_16","Control","16",34,0.0154055278658813
"WT_16","Control","17",42,0.019030357951971
"WT_16","Control","18",18,0.00815586769370186
"WT_16","Control","19",59,0.0267331218849116
"WT_2","Control","0",536,0.200224131490474
"WT_2","Control","1",536,0.200224131490474
"WT_2","Control","2",407,0.152035861038476
"WT_2","Control","3",283,0.105715353007098
"WT_2","Control","4",172,0.0642510272693313
"WT_2","Control","5",124,0.0463205080313784
"WT_2","Control","6",123,0.0459469555472544
"WT_2","Control","7",32,0.0119536794919686
"WT_2","Control","8",103,0.038475905864774
"WT_2","Control","9",15,0.00560328726186029
"WT_2","Control","10",86,0.0321255136346657
"WT_2","Control","11",41,0.0153156518490848
"WT_2","Control","12",8,0.00298841987299216
"WT_2","Control","13",24,0.00896525961897647
"WT_2","Control","14",12,0.00448262980948823
"WT_2","Control","15",35,0.0130743369443407
"WT_2","Control","16",37,0.0138214419125887
"WT_2","Control","17",79,0.0295106462457975
"WT_2","Control","18",24,0.00896525961897647
"WT_3","Control","0",541,0.202167414050822
"WT_3","Control","1",559,0.208893871449925
"WT_3","Control","2",415,0.1550822122571
"WT_3","Control","3",271,0.101270553064275
"WT_3","Control","4",181,0.0676382660687593
"WT_3","Control","5",125,0.046711509715994
"WT_3","Control","6",130,0.0485799701046338
"WT_3","Control","7",11,0.00411061285500747
"WT_3","Control","8",107,0.0399850523168909
"WT_3","Control","9",3,0.00112107623318386
"WT_3","Control","10",65,0.0242899850523169
"WT_3","Control","11",46,0.0171898355754858
"WT_3","Control","12",10,0.00373692077727952
"WT_3","Control","13",26,0.00971599402092676
"WT_3","Control","14",15,0.00560538116591928
"WT_3","Control","15",19,0.00710014947683109
"WT_3","Control","16",41,0.015321375186846
"WT_3","Control","17",96,0.0358744394618834
"WT_3","Control","18",15,0.00560538116591928
"WT_4","Control","0",536,0.20067390490453
"WT_4","Control","1",515,0.192811681018345
"WT_4","Control","2",397,0.148633470610258
"WT_4","Control","3",291,0.108947959565706
"WT_4","Control","4",173,0.0647697491576189
"WT_4","Control","5",121,0.0453013852489704
"WT_4","Control","6",122,0.0456757768625983
"WT_4","Control","7",36,0.0134780980906028
"WT_4","Control","8",99,0.0370647697491576
"WT_4","Control","9",13,0.00486709097716211
"WT_4","Control","10",93,0.0348184200673905
"WT_4","Control","11",35,0.0131037064769749
"WT_4","Control","12",8,0.00299513290902284
"WT_4","Control","13",25,0.00935979034069637
"WT_4","Control","14",12,0.00449269936353426
"WT_4","Control","15",36,0.0134780980906028
"WT_4","Control","16",46,0.0172220142268813
"WT_4","Control","17",97,0.0363159865219019
"WT_4","Control","18",16,0.00599026581804568
"WT_5","Control","0",837,0.222665602553871
"WT_5","Control","1",682,0.181431231710561
"WT_5","Control","2",420,0.111731843575419
"WT_5","Control","3",324,0.0861931364724661
"WT_5","Control","4",379,0.100824687416866
"WT_5","Control","5",240,0.0638467677573823
"WT_5","Control","6",202,0.0537376961957968
"WT_5","Control","7",31,0.00824687416866188
"WT_5","Control","8",161,0.042830540037244
"WT_5","Control","9",8,0.00212822559191274
"WT_5","Control","10",144,0.0383080606544294
"WT_5","Control","11",43,0.011439212556531
"WT_5","Control","12",24,0.00638467677573823
"WT_5","Control","13",54,0.014365522745411
"WT_5","Control","14",38,0.0101090715615855
"WT_5","Control","15",60,0.0159616919393456
"WT_5","Control","16",81,0.0215482841181165
"WT_5","Control","17",7,0.00186219739292365
"WT_5","Control","18",24,0.00638467677573823
"WT_6","Control","0",843,0.224560468833245
"WT_6","Control","1",726,0.193393713372403
"WT_6","Control","2",459,0.12226957911561
"WT_6","Control","3",364,0.0969632392115077
"WT_6","Control","4",369,0.0982951518380394
"WT_6","Control","5",255,0.0679275439531167
"WT_6","Control","6",221,0.0588705380927011
"WT_6","Control","7",26,0.00692594565796484
"WT_6","Control","8",156,0.041555673947789
"WT_6","Control","9",7,0.00186467767714438
"WT_6","Control","10",68,0.0181140117208311
"WT_6","Control","11",48,0.0127863612147043
"WT_6","Control","12",17,0.00452850293020778
"WT_6","Control","13",64,0.0170484816196058
"WT_6","Control","14",30,0.0079914757591902
"WT_6","Control","15",39,0.0103889184869473
"WT_6","Control","16",47,0.012519978689398
"WT_6","Control","17",6,0.00159829515183804
"WT_6","Control","18",8,0.00213106020245072
"WT_6","Control","19",1,0.00026638252530634
"WT_7","Control","0",869,0.231240021287919
"WT_7","Control","1",726,0.19318786588611
"WT_7","Control","2",470,0.125066524747206
"WT_7","Control","3",349,0.092868547099521
"WT_7","Control","4",361,0.0960617349654071
"WT_7","Control","5",252,0.0670569451836083
"WT_7","Control","6",219,0.0582756785524215
"WT_7","Control","7",27,0.00718467269824375
"WT_7","Control","8",161,0.0428419372006386
"WT_7","Control","9",4,0.00106439595529537
"WT_7","Control","10",66,0.0175625332623736
"WT_7","Control","11",48,0.0127727514635444
"WT_7","Control","12",3,0.000798296966471527
"WT_7","Control","13",64,0.0170303352847259
"WT_7","Control","14",31,0.00824906865353912
"WT_7","Control","15",28,0.00745077168706759
"WT_7","Control","16",62,0.0164981373070782
"WT_7","Control","17",8,0.00212879191059074
"WT_7","Control","18",10,0.00266098988823842
"WT_8","Control","0",870,0.231382978723404
"WT_8","Control","1",729,0.193882978723404
"WT_8","Control","2",469,0.124734042553191
"WT_8","Control","3",346,0.0920212765957447
"WT_8","Control","4",370,0.0984042553191489
"WT_8","Control","5",257,0.0683510638297872
"WT_8","Control","6",217,0.0577127659574468
"WT_8","Control","7",14,0.00372340425531915
"WT_8","Control","8",153,0.0406914893617021
"WT_8","Control","9",5,0.00132978723404255
"WT_8","Control","10",64,0.0170212765957447
"WT_8","Control","11",46,0.0122340425531915
"WT_8","Control","12",7,0.00186170212765957
"WT_8","Control","13",65,0.0172872340425532
"WT_8","Control","14",27,0.00718085106382979
"WT_8","Control","15",39,0.0103723404255319
"WT_8","Control","16",63,0.0167553191489362
"WT_8","Control","17",8,0.00212765957446809
"WT_8","Control","18",10,0.00265957446808511
"WT_8","Control","19",1,0.000265957446808511
"WT_9","Control","0",104,0.192236598890943
"WT_9","Control","1",103,0.190388170055453
"WT_9","Control","2",82,0.151571164510166
"WT_9","Control","3",41,0.0757855822550832
"WT_9","Control","4",38,0.0702402957486137
"WT_9","Control","5",25,0.0462107208872458
"WT_9","Control","6",37,0.0683918669131238
"WT_9","Control","7",12,0.022181146025878
"WT_9","Control","8",12,0.022181146025878
"WT_9","Control","9",3,0.0055452865064695
"WT_9","Control","10",30,0.055452865064695
"WT_9","Control","11",7,0.0129390018484288
"WT_9","Control","12",12,0.022181146025878
"WT_9","Control","13",6,0.011090573012939
"WT_9","Control","14",2,0.00369685767097967
"WT_9","Control","15",9,0.0166358595194085
"WT_9","Control","16",12,0.022181146025878
"WT_9","Control","17",2,0.00369685767097967
"WT_9","Control","18",4,0.00739371534195933
