"ID","Description","setSize","enrichmentScore","NES","pvalue","p.adjust","qvalue","rank","leading_edge","core_enrichment"
"REACTOME_NEURONAL_SYSTEM","REACTOME_NEURONAL_SYSTEM",38,-0.627620215933138,-2.43396936092297,5.58932816397531e-08,4.69503565773926e-06,2.94175166525016e-06,145,"tags=66%, list=25%, signal=53%","KCNQ3/CACNA2D3/LRRTM4/PRKAG2/GRIA2/DLGAP1/PRKCB/KCNK2/ADCY2/GRIP1/DLGAP2/GRM1/GABRB1/GRIA1/NLGN4Y/KCNQ5/KCND2/GRM5/KCNMA1/GABRB2/KCNMB2/SNAP25/SYT1/NRG1/NRXN1"
"REACTOME_INTERFERON_SIGNALING","REACTOME_INTERFERON_SIGNALING",13,0.662566486443044,2.48856802475251,0.000161635455338614,0.00678868912422179,0.00425356461417405,87,"tags=62%, list=15%, signal=54%","HSPA1A/IFITM2/HSPA1B/GBP2/IFIT2/YBX1/HSPA2/IFITM3"
"REACTOME_METABOLISM_OF_RNA","REACTOME_METABOLISM_OF_RNA",39,0.398968512389125,2.20628369389068,0.000266662627429354,0.00746655356802192,0.00467829170928692,328,"tags=95%, list=56%, signal=44%","HSPA1A/HSPB1/CSNK1E/YBX1/U2AF1/UBL5/RPS19/RPL27/FAU/RPL7A/PABPC1/EIF4A1/SRSF10/RPS2/SRSF7/RPS28/RPL18A/SEM1/SF3B1/RPL18/RPL30/RPL28/THOC2/SRSF11/RPS16/RPL3/RPS18/RPS3A/RPS12/RPL38/RPS24/RPS27A/RPL23/RPL26/RPL12/RPL36A/RPL39"
"REACTOME_PROTEIN_PROTEIN_INTERACTIONS_AT_SYNAPSES","REACTOME_PROTEIN_PROTEIN_INTERACTIONS_AT_SYNAPSES",13,-0.664350444241154,-1.99505574983174,0.000617319839012382,0.01296371661926,0.00812262946068924,59,"tags=69%, list=10%, signal=64%","LRRTM4/DLGAP1/DLGAP2/GRM1/GRIA1/NLGN4Y/GRM5/SYT1/NRXN1"
"REACTOME_NEUROTRANSMITTER_RECEPTORS_AND_POSTSYNAPTIC_SIGNAL_TRANSMISSION","REACTOME_NEUROTRANSMITTER_RECEPTORS_AND_POSTSYNAPTIC_SIGNAL_TRANSMISSION",14,-0.638275248203681,-1.9440479490462,0.000814267641233545,0.0136796963727236,0.00857123832877416,116,"tags=64%, list=20%, signal=53%","PRKAG2/GRIA2/PRKCB/ADCY2/GRIP1/GABRB1/GRIA1/GABRB2/NRG1"
"REACTOME_NEUTROPHIL_DEGRANULATION","REACTOME_NEUTROPHIL_DEGRANULATION",20,0.45617328470457,2.00334092933569,0.00169704686911739,0.0179871736117568,0.0112701589046095,213,"tags=85%, list=37%, signal=56%","HSPA1A/HSPA1B/CYBA/CD59/HSP90AA1/NFASC/LAMP1/LAMTOR1/MIF/EEF2/GSTP1/TIMP2/LAMP2/CD63/PSAP/HSP90AB1/RAC1"
"REACTOME_TRANSMISSION_ACROSS_CHEMICAL_SYNAPSES","REACTOME_TRANSMISSION_ACROSS_CHEMICAL_SYNAPSES",20,-0.58047152569919,-1.93380952259781,0.00136278398044319,0.0179871736117568,0.0112701589046095,116,"tags=60%, list=20%, signal=50%","CACNA2D3/PRKAG2/GRIA2/PRKCB/ADCY2/GRIP1/GABRB1/GRIA1/GABRB2/SNAP25/SYT1/NRG1"
"REACTOME_VIRAL_INFECTION_PATHWAYS","REACTOME_VIRAL_INFECTION_PATHWAYS",53,0.29732048164064,1.71825512330881,0.00171306415350064,0.0179871736117568,0.0112701589046095,383,"tags=96%, list=66%, signal=36%","HSPA1A/HSPA1B/YBX1/HSP90AA1/TMEM258/CDK19/SUN2/U2AF1/NFKBIA/RPS19/RPL27/FAU/RPL7A/PABPC1/EIF4A1/HSP90AB1/RPS2/RAC1/SRSF7/RPS28/RPL18A/SEM1/SF3B1/RPL18/RPL30/RPL28/SRSF11/RPS16/AKT3/ARID4B/RPL3/RPS18/PHF21A/SOS1/GPC5/TBL1XR1/RPS3A/RPS12/RPL38/RPS24/RPS27A/RPL23/RPL26/RPL12/RPL36A/RPL39/DYNC1I1/MNAT1/ANO10/RTN3/ATP6V1H"
"REACTOME_CELLULAR_RESPONSES_TO_STIMULI","REACTOME_CELLULAR_RESPONSES_TO_STIMULI",60,0.285684702418299,1.72013006467148,0.00220786157139881,0.0206067079997223,0.0129114711777708,385,"tags=95%, list=66%, signal=36%","HSPA1A/HSPB1/HSPA1B/LMNA/CYBA/HSPA2/CRYAB/HSP90AA1/SPP1/MDM4/IGFBP7/LAMTOR1/PRDX1/NFKBIA/FNIP2/GSTP1/RPS19/RPL27/FAU/RPL7A/COX5B/HSP90AB1/RPS2/RPS28/RPL18A/SEM1/RPL18/RPL30/RPL28/RPS16/AKT3/RPL3/RPS18/NCOA1/SESN1/TBL1XR1/RPS3A/RPS12/RPL38/RPS24/RPS27A/RPL23/TNRC6A/GNAS/RPL26/RPL12/RPL36A/SCMH1/RPL39/MAPK1/DYNC1I1/MAP2K4/RORA/PDE4D/CACNB2/ATP6V1H/NDUFA4"
"REACTOME_INFLUENZA_INFECTION","REACTOME_INFLUENZA_INFECTION",26,0.395324175006483,1.91708312618928,0.00247512072574071,0.020791014096222,0.013026951188109,328,"tags=96%, list=56%, signal=44%","HSPA1A/HSP90AA1/RPS19/RPL27/FAU/RPL7A/RPS2/RPS28/RPL18A/RPL18/RPL30/RPL28/RPS16/RPL3/RPS18/RPS3A/RPS12/RPL38/RPS24/RPS27A/RPL23/RPL26/RPL12/RPL36A/RPL39"
"REACTOME_DENGUE_VIRUS_INFECTION","REACTOME_DENGUE_VIRUS_INFECTION",18,0.477177823204925,2.02579099775191,0.00351509244645809,0.0246056471252066,0.0154170721335881,239,"tags=83%, list=41%, signal=51%","HSPA1A/HSPA1B/YBX1/HSP90AA1/TMEM258/SUN2/U2AF1/NFKBIA/PABPC1/EIF4A1/HSP90AB1/SRSF7/SF3B1/RPL18/SRSF11"
"REACTOME_EUKARYOTIC_TRANSLATION_INITIATION","REACTOME_EUKARYOTIC_TRANSLATION_INITIATION",27,0.391553417186128,1.90859659434075,0.0033616260337069,0.0246056471252066,0.0154170721335881,328,"tags=96%, list=56%, signal=44%","RPS19/RPL27/FAU/RPL7A/PABPC1/EIF4A1/EIF5B/RPS2/RPS28/RPL18A/RPL18/RPL30/RPL28/RPS16/RPL3/RPS18/RPS3A/RPS12/RPL38/RPS24/RPS27A/RPL23/RPL26/RPL12/RPL36A/RPL39"
"REACTOME_DEGRADATION_OF_THE_EXTRACELLULAR_MATRIX","REACTOME_DEGRADATION_OF_THE_EXTRACELLULAR_MATRIX",11,0.5639470278274,1.92817667502816,0.00556341676700268,0.0266151356921923,0.0166761501830779,74,"tags=64%, list=13%, signal=57%","ADAMTS1/ADAMTS18/CAPN3/ADAMTS9/HTRA1/A2M/SPP1"
"REACTOME_RRNA_PROCESSING","REACTOME_RRNA_PROCESSING",25,0.388205197122495,1.83382856846683,0.00570600668624162,0.0266151356921923,0.0166761501830779,328,"tags=96%, list=56%, signal=44%","CSNK1E/RPS19/RPL27/FAU/RPL7A/RPS2/RPS28/RPL18A/RPL18/RPL30/RPL28/RPS16/RPL3/RPS18/RPS3A/RPS12/RPL38/RPS24/RPS27A/RPL23/RPL26/RPL12/RPL36A/RPL39"
"REACTOME_CARDIAC_CONDUCTION","REACTOME_CARDIAC_CONDUCTION",11,-0.638119676698317,-1.83380175290765,0.00481656057488898,0.0266151356921923,0.0166761501830779,103,"tags=55%, list=18%, signal=46%","KCNK2/RYR2/KCND2/SLC8A1/FGF14/KCNIP4"
"REACTOME_INFLUENZA_VIRAL_RNA_TRANSCRIPTION_AND_REPLICATION","REACTOME_INFLUENZA_VIRAL_RNA_TRANSCRIPTION_AND_REPLICATION",25,0.386746181412411,1.82693637662904,0.00581070114604246,0.0266151356921923,0.0166761501830779,328,"tags=96%, list=56%, signal=44%","HSP90AA1/RPS19/RPL27/FAU/RPL7A/RPS2/RPS28/RPL18A/RPL18/RPL30/RPL28/RPS16/RPL3/RPS18/RPS3A/RPS12/RPL38/RPS24/RPS27A/RPL23/RPL26/RPL12/RPL36A/RPL39"
"REACTOME_EUKARYOTIC_TRANSLATION_ELONGATION","REACTOME_EUKARYOTIC_TRANSLATION_ELONGATION",25,0.385190780847264,1.81958887584101,0.00591539565687972,0.0266151356921923,0.0166761501830779,328,"tags=96%, list=56%, signal=44%","EEF2/RPS19/RPL27/FAU/RPL7A/RPS2/RPS28/RPL18A/RPL18/RPL30/RPL28/RPS16/RPL3/RPS18/RPS3A/RPS12/RPL38/RPS24/RPS27A/RPL23/RPL26/RPL12/RPL36A/RPL39"
"REACTOME_NONSENSE_MEDIATED_DECAY_NMD","REACTOME_NONSENSE_MEDIATED_DECAY_NMD",25,0.384635631526457,1.816966425931,0.00602009021609111,0.0266151356921923,0.0166761501830779,328,"tags=96%, list=56%, signal=44%","RPS19/RPL27/FAU/RPL7A/PABPC1/RPS2/RPS28/RPL18A/RPL18/RPL30/RPL28/RPS16/RPL3/RPS18/RPS3A/RPS12/RPL38/RPS24/RPS27A/RPL23/RPL26/RPL12/RPL36A/RPL39"
"REACTOME_RIBOSOME_ASSOCIATED_QUALITY_CONTROL","REACTOME_RIBOSOME_ASSOCIATED_QUALITY_CONTROL",25,0.384001543548643,1.81397108053826,0.00602009021609111,0.0266151356921923,0.0166761501830779,328,"tags=96%, list=56%, signal=44%","RPS19/RPL27/FAU/RPL7A/RPS2/RPS28/RPL18A/SEM1/RPL18/RPL30/RPL28/RPS16/RPL3/RPS18/RPS3A/RPS12/RPL38/RPS24/RPS27A/RPL23/RPL26/RPL12/RPL36A/RPL39"
"REACTOME_TRANSLATION","REACTOME_TRANSLATION",30,0.346643119346284,1.7443115940377,0.00752723662447696,0.0316143938228032,0.0198085174328341,328,"tags=93%, list=56%, signal=43%","EEF2/RPS19/RPL27/FAU/RPL7A/PABPC1/EIF4A1/EIF5B/RPS2/RPS28/RPL18A/SEM1/RPL18/RPL30/RPL28/RPS16/RPL3/RPS18/RPS3A/RPS12/RPL38/RPS24/RPS27A/RPL23/RPL26/RPL12/RPL36A/RPL39"
"REACTOME_RESPONSE_OF_EIF2AK4_GCN2_TO_AMINO_ACID_DEFICIENCY","REACTOME_RESPONSE_OF_EIF2AK4_GCN2_TO_AMINO_ACID_DEFICIENCY",24,0.380639344878175,1.7638887043694,0.0125878625239623,0.0459730631309928,0.0288051774003715,328,"tags=96%, list=56%, signal=44%","RPS19/RPL27/FAU/RPL7A/RPS2/RPS28/RPL18A/RPL18/RPL30/RPL28/RPS16/RPL3/RPS18/RPS3A/RPS12/RPL38/RPS24/RPS27A/RPL23/RPL26/RPL12/RPL36A/RPL39"
"REACTOME_SELENOAMINO_ACID_METABOLISM","REACTOME_SELENOAMINO_ACID_METABOLISM",24,0.380639344878175,1.7638887043694,0.0125878625239623,0.0459730631309928,0.0288051774003715,328,"tags=96%, list=56%, signal=44%","RPS19/RPL27/FAU/RPL7A/RPS2/RPS28/RPL18A/RPL18/RPL30/RPL28/RPS16/RPL3/RPS18/RPS3A/RPS12/RPL38/RPS24/RPS27A/RPL23/RPL26/RPL12/RPL36A/RPL39"
"REACTOME_SRP_DEPENDENT_COTRANSLATIONAL_PROTEIN_TARGETING_TO_MEMBRANE","REACTOME_SRP_DEPENDENT_COTRANSLATIONAL_PROTEIN_TARGETING_TO_MEMBRANE",24,0.380639344878175,1.7638887043694,0.0125878625239623,0.0459730631309928,0.0288051774003715,328,"tags=96%, list=56%, signal=44%","RPS19/RPL27/FAU/RPL7A/RPS2/RPS28/RPL18A/RPL18/RPL30/RPL28/RPS16/RPL3/RPS18/RPS3A/RPS12/RPL38/RPS24/RPS27A/RPL23/RPL26/RPL12/RPL36A/RPL39"
"REACTOME_DENGUE_VIRUS_HOST_INTERACTIONS","REACTOME_DENGUE_VIRUS_HOST_INTERACTIONS",10,0.56369982547993,1.87948021207005,0.013712038027099,0.0475284672230533,0.0297797413678279,260,"tags=100%, list=45%, signal=56%","YBX1/HSP90AA1/U2AF1/NFKBIA/HSP90AB1/SRSF7/SF3B1/RPL18/SRSF11/GPC5"
"REACTOME_EXTRACELLULAR_MATRIX_ORGANIZATION","REACTOME_EXTRACELLULAR_MATRIX_ORGANIZATION",19,0.403570316154234,1.76733415960343,0.0141453771497182,0.0475284672230533,0.0297797413678279,74,"tags=53%, list=13%, signal=47%","ADAMTS1/ADAMTS18/CAPN3/ADAMTS9/ITGA2/HTRA1/COLGALT2/A2M/SPARC/SPP1"
"REACTOME_ACTIVATION_OF_THE_MRNA_UPON_BINDING_OF_THE_CAP_BINDING_COMPLEX_AND_EIFS_AND_SUBSEQUENT_BINDING_TO_43S","REACTOME_ACTIVATION_OF_THE_MRNA_UPON_BINDING_OF_THE_CAP_BINDING_COMPLEX_AND_EIFS_AND_SUBSEQUENT_BINDING_TO_43S",12,0.490367775831874,1.74836005382412,0.0204774597730379,0.0651387526381004,0.0408137547857772,303,"tags=100%, list=52%, signal=49%","RPS19/FAU/PABPC1/EIF4A1/RPS2/RPS28/RPS16/RPS18/RPS3A/RPS12/RPS24/RPS27A"
"REACTOME_CYTOKINE_SIGNALING_IN_IMMUNE_SYSTEM","REACTOME_CYTOKINE_SIGNALING_IN_IMMUNE_SYSTEM",26,0.331354945293988,1.60687105561419,0.0209374562051037,0.0651387526381004,0.0408137547857772,87,"tags=35%, list=15%, signal=31%","HSPA1A/IFITM2/HSPA1B/GBP2/IFIT2/YBX1/HSPA2/HSP90AA1/IFITM3"
"REACTOME_CELLULAR_RESPONSE_TO_STARVATION","REACTOME_CELLULAR_RESPONSE_TO_STARVATION",28,0.340266498926685,1.68520760957185,0.022921108973278,0.0687633269198341,0.0430847913031542,328,"tags=93%, list=56%, signal=43%","LAMTOR1/FNIP2/RPS19/RPL27/FAU/RPL7A/RPS2/RPS28/RPL18A/RPL18/RPL30/RPL28/RPS16/RPL3/RPS18/SESN1/RPS3A/RPS12/RPL38/RPS24/RPS27A/RPL23/RPL26/RPL12/RPL36A/RPL39"
"REACTOME_SARS_COV_1_HOST_INTERACTIONS","REACTOME_SARS_COV_1_HOST_INTERACTIONS",11,0.489510489510489,1.67367263498482,0.0279134920953855,0.0781577778670795,0.0489710387638343,303,"tags=100%, list=52%, signal=49%","NFKBIA/RPS19/FAU/RPS2/RPS28/RPS16/RPS18/RPS3A/RPS12/RPS24/RPS27A"
"REACTOME_SARS_COV_1_INFECTION","REACTOME_SARS_COV_1_INFECTION",11,0.489510489510489,1.67367263498482,0.0279134920953855,0.0781577778670795,0.0489710387638343,303,"tags=100%, list=52%, signal=49%","NFKBIA/RPS19/FAU/RPS2/RPS28/RPS16/RPS18/RPS3A/RPS12/RPS24/RPS27A"
"REACTOME_DEUBIQUITINATION","REACTOME_DEUBIQUITINATION",10,0.503306636286356,1.67811807054998,0.0296592102213152,0.080366892212596,0.0503551956219273,222,"tags=80%, list=38%, signal=50%","CCP110/MDM4/USP9X/STAMBP/NFKBIA/USP34/SEM1/ASXL1"
"REACTOME_SARS_COV_1_MODULATES_HOST_TRANSLATION_MACHINERY","REACTOME_SARS_COV_1_MODULATES_HOST_TRANSLATION_MACHINERY",10,0.488656195462478,1.62927077207311,0.0406827387076742,0.103556062164989,0.0648847507299428,303,"tags=100%, list=52%, signal=49%","RPS19/FAU/RPS2/RPS28/RPS16/RPS18/RPS3A/RPS12/RPS24/RPS27A"
"REACTOME_SARS_COV_2_MODULATES_HOST_TRANSLATION_MACHINERY","REACTOME_SARS_COV_2_MODULATES_HOST_TRANSLATION_MACHINERY",10,0.488656195462478,1.62927077207311,0.0406827387076742,0.103556062164989,0.0648847507299428,303,"tags=100%, list=52%, signal=49%","RPS19/FAU/RPS2/RPS28/RPS16/RPS18/RPS3A/RPS12/RPS24/RPS27A"
"REACTOME_MUSCLE_CONTRACTION","REACTOME_MUSCLE_CONTRACTION",16,-0.489258812775683,-1.54228348897139,0.0499359795134443,0.123371243503804,0.0773002778845887,103,"tags=69%, list=18%, signal=58%","ATP2B1/SORBS1/CACNB2/TPM1/FGF12/KCNK2/RYR2/KCND2/SLC8A1/FGF14/KCNIP4"
"REACTOME_RAC2_GTPASE_CYCLE","REACTOME_RAC2_GTPASE_CYCLE",10,0.444745340207113,1.48286380187888,0.0807122248177669,0.193709339562641,0.121371766643258,157,"tags=70%, list=27%, signal=52%","PREX1/CYBA/ERBIN/DOCK1/LAMTOR1/VRK2/TAOK3"
"REACTOME_INNATE_IMMUNE_SYSTEM","REACTOME_INNATE_IMMUNE_SYSTEM",33,0.270465770415752,1.41048510282103,0.0874393935108419,0.204025251525298,0.127835370629886,227,"tags=67%, list=39%, signal=43%","HSPA1A/HSPA1B/GBP2/CYBA/CD59/HSP90AA1/NFASC/LAMP1/DOCK1/LAMTOR1/MIF/NFKBIA/EEF2/GSTP1/TIMP2/LAMP2/CD63/PSAP/HSP90AB1/RAC1/SEM1/CFL1"
"REACTOME_RIBOSOME_QUALITY_CONTROL_RQC_COMPLEX_EXTRACTS_AND_DEGRADES_NASCENT_PEPTIDE","REACTOME_RIBOSOME_QUALITY_CONTROL_RQC_COMPLEX_EXTRACTS_AND_DEGRADES_NASCENT_PEPTIDE",16,0.340218831751243,1.34706928779708,0.131221719457014,0.294010889292196,0.184217349180574,328,"tags=94%, list=56%, signal=42%","RPL27/RPL7A/RPL18A/SEM1/RPL18/RPL30/RPL28/RPL3/RPL38/RPS27A/RPL23/RPL26/RPL12/RPL36A/RPL39"
"REACTOME_SARS_COV_INFECTIONS","REACTOME_SARS_COV_INFECTIONS",21,0.299992209386112,1.34266389145581,0.133004926108374,0.294010889292196,0.184217349180574,303,"tags=90%, list=52%, signal=45%","HSP90AA1/TMEM258/NFKBIA/RPS19/FAU/HSP90AB1/RPS2/RPS28/RPS16/AKT3/ARID4B/RPS18/PHF21A/SOS1/GPC5/RPS3A/RPS12/RPS24/RPS27A"
"REACTOME_MAPK1_MAPK3_SIGNALING","REACTOME_MAPK1_MAPK3_SIGNALING",11,-0.458504791035791,-1.31763197441018,0.140161725067385,0.30188679245283,0.189152125597011,20,"tags=18%, list=3%, signal=18%","NRG3/NRG1"
"REACTOME_CELL_CYCLE","REACTOME_CELL_CYCLE",22,0.282484651911048,1.27915975801574,0.160621761658031,0.337305699481865,0.211344423234251,76,"tags=27%, list=13%, signal=25%","CCP110/CSNK1E/LMNA/HSPA2/HSP90AA1/MDM4"
"REACTOME_RHOG_GTPASE_CYCLE","REACTOME_RHOG_GTPASE_CYCLE",12,0.359887060625727,1.28314337054222,0.168674698795181,0.345577431677931,0.216527212830784,146,"tags=58%, list=25%, signal=45%","PREX1/ERBIN/DOCK1/LAMTOR1/DOCK5/VRK2/PLEKHG3"
"REACTOME_RHO_GTPASE_CYCLE","REACTOME_RHO_GTPASE_CYCLE",31,0.233458020023777,1.18849976447982,0.186666666666667,0.373333333333333,0.233918128654971,103,"tags=35%, list=18%, signal=31%","CCP110/PREX1/CYBA/ERBIN/HSP90AA1/SPATA13/DOCK1/LAMTOR1/PLXNB1/USP9X/DOCK5"
"REACTOME_M_PHASE","REACTOME_M_PHASE",14,0.312523776443186,1.18790717422326,0.210743801652893,0.411685566019604,0.257948349636343,73,"tags=29%, list=13%, signal=26%","CCP110/CSNK1E/LMNA/HSP90AA1"
"REACTOME_METABOLISM_OF_AMINO_ACIDS_AND_DERIVATIVES","REACTOME_METABOLISM_OF_AMINO_ACIDS_AND_DERIVATIVES",29,0.236785499931105,1.18393345606041,0.22360248447205,0.426877470355731,0.267467086689055,328,"tags=90%, list=56%, signal=41%","AMD1/SLC44A1/RPS19/RPL27/FAU/RPL7A/RPS2/RPS28/RPL18A/SEM1/RPL18/RPL30/RPL28/RPS16/RPL3/RPS18/RPS3A/RPS12/RPL38/RPS24/RPS27A/RPL23/RPL26/RPL12/RPL36A/RPL39"
"REACTOME_CELLULAR_RESPONSE_TO_CHEMICAL_STRESS","REACTOME_CELLULAR_RESPONSE_TO_CHEMICAL_STRESS",11,0.353036913977887,1.20705936793131,0.25,0.462951622780159,0.290069939085313,303,"tags=91%, list=52%, signal=45%","CYBA/PRDX1/GSTP1/COX5B/SEM1/AKT3/NCOA1/SESN1/TBL1XR1/RPS27A"
"REACTOME_SIGNALING_BY_GPCR","REACTOME_SIGNALING_BY_GPCR",31,-0.319575239227283,-1.19566002859234,0.253521126760563,0.462951622780159,0.290069939085313,254,"tags=61%, list=44%, signal=37%","PPP3CA/MAPK1/TRIO/PDE4D/PLCB4/NBEA/AKAP13/DGKI/PDE1A/ITSN1/FGD4/KALRN/PRKCB/ADCY2/RGS12/RXFP1/GRM1/GRM5/CHRM3"
"REACTOME_METABOLISM_OF_LIPIDS","REACTOME_METABOLISM_OF_LIPIDS",22,0.251312189837762,1.13800320748224,0.264248704663212,0.472274280674678,0.295911203430249,127,"tags=36%, list=22%, signal=30%","CBR1/FA2H/LRP2/DBI/LSS/CDK19/SLC44A1/PIP4K2A"
"REACTOME_SARS_COV_2_HOST_INTERACTIONS","REACTOME_SARS_COV_2_HOST_INTERACTIONS",14,0.294407234178272,1.11904594781183,0.305785123966942,0.535123966942149,0.335290706104103,303,"tags=93%, list=52%, signal=46%","HSP90AA1/RPS19/FAU/HSP90AB1/RPS2/RPS28/RPS16/AKT3/RPS18/RPS3A/RPS12/RPS24/RPS27A"
"REACTOME_BACTERIAL_INFECTION_PATHWAYS","REACTOME_BACTERIAL_INFECTION_PATHWAYS",12,-0.387632538826751,-1.1388084560143,0.314741035856574,0.539556061468412,0.338067707686975,11,"tags=17%, list=2%, signal=17%","SNAP25/SYT1"
"REACTOME_SARS_COV_2_INFECTION","REACTOME_SARS_COV_2_INFECTION",17,0.263365134494525,1.07251279381864,0.337837837837838,0.567567567567568,0.355618776671408,303,"tags=88%, list=52%, signal=44%","HSP90AA1/TMEM258/RPS19/FAU/HSP90AB1/RPS2/RPS28/RPS16/AKT3/RPS18/GPC5/RPS3A/RPS12/RPS24/RPS27A"
"REACTOME_SIGNALING_BY_NUCLEAR_RECEPTORS","REACTOME_SIGNALING_BY_NUCLEAR_RECEPTORS",11,0.315724312935926,1.07948482021021,0.361538461538462,0.595475113122172,0.373104707470033,73,"tags=27%, list=13%, signal=24%","HSPB1/CBFB/HSP90AA1"
"REACTOME_SLC_MEDIATED_TRANSMEMBRANE_TRANSPORT","REACTOME_SLC_MEDIATED_TRANSMEMBRANE_TRANSPORT",16,-0.34340354853316,-1.08250604613984,0.370038412291933,0.597754358317739,0.374532805963495,154,"tags=44%, list=26%, signal=33%","AHCYL2/SLC22A6/SLC6A20/SLC5A5/SLC24A3/SLC4A4/SLC8A1"
"REACTOME_RESPONSE_TO_ELEVATED_PLATELET_CYTOSOLIC_CA2","REACTOME_RESPONSE_TO_ELEVATED_PLATELET_CYTOSOLIC_CA2",12,0.294518664802931,1.05007852070526,0.381526104417671,0.604682882473289,0.378873986512086,227,"tags=75%, list=39%, signal=47%","A2M/SPARC/TF/PFN1/SELENOP/LAMP2/CD63/PSAP/CFL1"
"REACTOME_REGULATION_OF_EXPRESSION_OF_SLITS_AND_ROBOS","REACTOME_REGULATION_OF_EXPRESSION_OF_SLITS_AND_ROBOS",27,-0.294964028776978,-1.07030328086847,0.399044205495818,0.620735430771273,0.388931974167464,420,"tags=100%, list=72%, signal=29%","RPL27/FAU/RPL7A/PABPC1/RPS2/RPS28/RPL18A/SEM1/RPL18/RPL30/RPL28/RPS16/RPL3/RPS18/RPS3A/RPS12/RPL38/RPS24/RPS27A/RPL23/RPL26/RPL12/RPL36A/RPL39/RPL31/ROBO2"
"REACTOME_TRANSCRIPTIONAL_REGULATION_BY_TP53","REACTOME_TRANSCRIPTIONAL_REGULATION_BY_TP53",16,0.260686947081429,1.03216914341689,0.438914027149321,0.6703414232826,0.420013423109398,196,"tags=56%, list=34%, signal=38%","MDM4/SGK1/LAMTOR1/PIP4K2A/PRDX1/RGCC/BNIP3L/DDIT4/COX5B"
"REACTOME_SIGNALING_BY_ROBO_RECEPTORS","REACTOME_SIGNALING_BY_ROBO_RECEPTORS",34,-0.265267227471131,-1.01275718980676,0.468384074941452,0.690250215703192,0.432487603824055,420,"tags=97%, list=72%, signal=29%","RPS19/RPL27/FAU/RPL7A/PABPC1/RPS2/SOS2/RAC1/RPS28/RPL18A/SEM1/RPL18/RPL30/RPL28/RPS16/RPL3/RPS18/SOS1/RPS3A/RPS12/RPL38/RPS24/RPS27A/RPL23/RPL26/RPL12/RPL36A/RPL39/RPL31/EVL/NELL2/SRGAP3/ROBO2"
"REACTOME_CELL_CYCLE_MITOTIC","REACTOME_CELL_CYCLE_MITOTIC",18,0.238089356672118,1.01077470903292,0.466367713004484,0.690250215703192,0.432487603824055,73,"tags=22%, list=13%, signal=20%","CCP110/CSNK1E/LMNA/HSP90AA1"
"REACTOME_SIGNALING_BY_NOTCH","REACTOME_SIGNALING_BY_NOTCH",10,0.284467713787085,0.948468342313987,0.494736842105263,0.716515426497278,0.448944502817843,420,"tags=100%, list=72%, signal=28%","YBX1/RBPJ/SEM1/MAML2/TBL1XR1/RPS27A/TNRC6A/NUMB/NBEA/HDAC9"
"REACTOME_SIGNALING_BY_RHO_GTPASES_MIRO_GTPASES_AND_RHOBTB3","REACTOME_SIGNALING_BY_RHO_GTPASES_MIRO_GTPASES_AND_RHOBTB3",39,0.175773935564773,0.97202449768595,0.507246376811594,0.722181282240236,0.452494537744509,157,"tags=41%, list=27%, signal=32%","CCP110/PREX1/CYBA/ERBIN/HSP90AA1/SPATA13/DOCK1/LAMTOR1/PLXNB1/USP9X/DOCK5/MYL6/VRK2/PFN1/PLEKHG3/TAOK3"
"REACTOME_RAC1_GTPASE_CYCLE","REACTOME_RAC1_GTPASE_CYCLE",21,0.213533774048196,0.955705111834377,0.517241379310345,0.724137931034483,0.453720508166969,157,"tags=48%, list=27%, signal=36%","PREX1/CYBA/ERBIN/SPATA13/DOCK1/LAMTOR1/DOCK5/VRK2/PLEKHG3/TAOK3"
"REACTOME_MAPK_FAMILY_SIGNALING_CASCADES","REACTOME_MAPK_FAMILY_SIGNALING_CASCADES",16,-0.295661017366055,-0.932007954704366,0.550576184379001,0.758170483407149,0.475044162535808,20,"tags=12%, list=3%, signal=12%","NRG3/NRG1"
"REACTOME_SIGNALING_BY_RECEPTOR_TYROSINE_KINASES","REACTOME_SIGNALING_BY_RECEPTOR_TYROSINE_KINASES",32,-0.246100631746218,-0.923835872475446,0.574793875147232,0.778752992134959,0.487940471262506,67,"tags=19%, list=11%, signal=18%","F3/GABRB1/COL6A3/GABRB2/NRG3/NRG1"
"REACTOME_SIGNALING_BY_INTERLEUKINS","REACTOME_SIGNALING_BY_INTERLEUKINS",14,-0.300517985348913,-0.915312593921264,0.588157894736842,0.784210526315789,0.491359978894605,41,"tags=43%, list=7%, signal=41%","MAPK1/MAP2K4/RORA/MAPK10/IL18/SNAP25"
"REACTOME_INTRACELLULAR_SIGNALING_BY_SECOND_MESSENGERS","REACTOME_INTRACELLULAR_SIGNALING_BY_SECOND_MESSENGERS",17,-0.275925699444102,-0.883588650418571,0.629487179487179,0.826201923076923,0.517670377867746,20,"tags=59%, list=3%, signal=59%","RPS27A/TNRC6A/SCMH1/MAPK1/NTRK2/NBEA/PDE1A/ADCY2/NRG3/NRG1"
"REACTOME_DISEASES_OF_SIGNAL_TRANSDUCTION_BY_GROWTH_FACTOR_RECEPTORS_AND_SECOND_MESSENGERS","REACTOME_DISEASES_OF_SIGNAL_TRANSDUCTION_BY_GROWTH_FACTOR_RECEPTORS_AND_SECOND_MESSENGERS",23,-0.247646066408824,-0.859617099054431,0.654320987654321,0.845584045584046,0.529814564902284,20,"tags=9%, list=3%, signal=9%","NRG3/NRG1"
"REACTOME_INFECTIOUS_DISEASE","REACTOME_INFECTIOUS_DISEASE",66,0.135689742436668,0.853961122613762,0.694117647058824,0.870237050043898,0.545261309551315,348,"tags=85%, list=60%, signal=39%","HSPA1A/HSPA1B/GBP2/YBX1/CYBA/HSP90AA1/TMEM258/DOCK1/CDK19/SUN2/U2AF1/NFKBIA/EEF2/RPS19/RPL27/FAU/RPL7A/PABPC1/EIF4A1/HSP90AB1/RPS2/RAC1/SRSF7/RPS28/RPL18A/SEM1/SF3B1/RPL18/RPL30/RPL28/SRSF11/RPS16/AKT3/ARID4B/RPL3/RPS18/PHF21A/SOS1/GPC5/CALM2/TBL1XR1/RPS3A/RPS12/RPL38/RPS24/RPS27A/RPL23/GNAS/RPL26/RPL12/RPL36A/RPL39/MAPK1/DYNC1I1/MNAT1/MAP2K4"
"REACTOME_L1CAM_INTERACTIONS","REACTOME_L1CAM_INTERACTIONS",10,0.240334543238271,0.801320131523274,0.691228070175439,0.870237050043898,0.545261309551315,111,"tags=40%, list=19%, signal=33%","ITGA2/NRP2/NFASC/CNTN2"
"REACTOME_ADAPTIVE_IMMUNE_SYSTEM","REACTOME_ADAPTIVE_IMMUNE_SYSTEM",22,0.181818181818182,0.823317301963163,0.704663212435233,0.870466321243523,0.545404963185165,481,"tags=100%, list=83%, signal=18%","CD74/CYBA/CD22/TMEM258/HERC3/NFKBIA/UFL1/RAC1/SEM1/TRIP12/AKT3/SOS1/WWTR1/RPS27A/TNRC6A/PPP3CA/DYNC1I1/UBE2H/EVL/KLHL2/PRKAG2/PRKCB"
"REACTOME_POST_TRANSLATIONAL_PROTEIN_MODIFICATION","REACTOME_POST_TRANSLATIONAL_PROTEIN_MODIFICATION",50,0.145190697064356,0.826148341439757,0.763157894736842,0.899111111111111,0.563352826510721,79,"tags=20%, list=14%, signal=19%","ADAMTS1/ADAMTS18/CCP110/ADAMTS9/CPM/CD59/SPP1/MDM4/IGFBP7/TMEM258"
"REACTOME_TRANSPORT_OF_SMALL_MOLECULES","REACTOME_TRANSPORT_OF_SMALL_MOLECULES",37,-0.202076050912129,-0.783021517794753,0.768149882903981,0.899111111111111,0.563352826510721,115,"tags=24%, list=20%, signal=21%","SLC6A20/UNC79/RYR2/ADCY2/SLC5A5/ASIC2/SLC24A3/SLC4A4/SLC8A1"
"REACTOME_PLATELET_ACTIVATION_SIGNALING_AND_AGGREGATION","REACTOME_PLATELET_ACTIVATION_SIGNALING_AND_AGGREGATION",16,0.194745097534876,0.771077657541569,0.769230769230769,0.899111111111111,0.563352826510721,399,"tags=94%, list=68%, signal=30%","A2M/SPARC/TF/PFN1/SELENOP/LAMP2/CD63/PSAP/RAC1/CFL1/SOS1/MAPK1/PHACTR2/CYRIB/DGKI"
"REACTOME_G_ALPHA_I_SIGNALLING_EVENTS","REACTOME_G_ALPHA_I_SIGNALLING_EVENTS",13,-0.25178372899244,-0.756110845706164,0.770666666666667,0.899111111111111,0.563352826510721,276,"tags=69%, list=47%, signal=37%","GNAS/PPP3CA/MAPK1/PDE4D/PLCB4/NBEA/PDE1A/ADCY2/RGS12"
"REACTOME_VESICLE_MEDIATED_TRANSPORT","REACTOME_VESICLE_MEDIATED_TRANSPORT",23,0.159813949852372,0.744075227755434,0.791666666666667,0.9004329004329,0.564181015308835,130,"tags=35%, list=22%, signal=28%","LRP2/SPARC/CD59/HSP90AA1/SNX9/EPN2/TF/PRDX1"
"REACTOME_HEMOSTASIS","REACTOME_HEMOSTASIS",31,-0.193862606851994,-0.725318302544671,0.814553990610329,0.9004329004329,0.564181015308835,24,"tags=10%, list=4%, signal=10%","KCNMA1/KCNMB2/SLC8A1"
"REACTOME_CDC42_GTPASE_CYCLE","REACTOME_CDC42_GTPASE_CYCLE",11,-0.247565152374965,-0.711442425240695,0.814016172506739,0.9004329004329,0.564181015308835,158,"tags=36%, list=27%, signal=27%","ITSN1/FGD4/ARHGAP44/SRGAP3"
"REACTOME_DEATH_RECEPTOR_SIGNALING","REACTOME_DEATH_RECEPTOR_SIGNALING",13,0.187719298245614,0.70506470339437,0.825396825396825,0.9004329004329,0.564181015308835,476,"tags=100%, list=82%, signal=19%","OMG/PREX1/NFKBIA/SOS2/RAC1/SOS1/RPS27A/BEX3/TRIO/AKAP13/ITSN1/FGD4/KALRN"
"REACTOME_P75_NTR_RECEPTOR_MEDIATED_SIGNALLING","REACTOME_P75_NTR_RECEPTOR_MEDIATED_SIGNALLING",13,0.187719298245614,0.70506470339437,0.825396825396825,0.9004329004329,0.564181015308835,476,"tags=100%, list=82%, signal=19%","OMG/PREX1/NFKBIA/SOS2/RAC1/SOS1/RPS27A/BEX3/TRIO/AKAP13/ITSN1/FGD4/KALRN"
"REACTOME_CELL_DEATH_SIGNALLING_VIA_NRAGE_NRIF_AND_NADE","REACTOME_CELL_DEATH_SIGNALLING_VIA_NRAGE_NRIF_AND_NADE",11,-0.237386591074928,-0.682191699654764,0.839622641509434,0.904208998548621,0.566546991571818,282,"tags=64%, list=48%, signal=33%","RPS27A/BEX3/TRIO/AKAP13/ITSN1/FGD4/KALRN"
"REACTOME_NERVOUS_SYSTEM_DEVELOPMENT","REACTOME_NERVOUS_SYSTEM_DEVELOPMENT",60,-0.167384814544185,-0.710559737534944,0.854945054945055,0.909055501460565,0.569583647531682,87,"tags=13%, list=15%, signal=13%","EPHA4/NRCAM/NELL2/SRGAP3/COL6A3/DSCAM/UNC5D/ROBO2"
"REACTOME_MEMBRANE_TRAFFICKING","REACTOME_MEMBRANE_TRAFFICKING",20,-0.185148075084083,-0.616810807829009,0.915297092288243,0.957410881801126,0.599881504887923,51,"tags=20%, list=9%, signal=19%","ITSN1/PRKAG2/GRIA1/SYT1"
"REACTOME_RHO_GTPASE_EFFECTORS","REACTOME_RHO_GTPASE_EFFECTORS",11,0.178321678321678,0.6096950313159,0.934615384615385,0.957410881801126,0.599881504887923,481,"tags=100%, list=83%, signal=18%","CYBA/MYL6/PFN1/RAC1/CFL1/KTN1/CENPP/MAPK1/DYNC1I1/EVL/PRKCB"
"REACTOME_SIGNALING_BY_TGFB_FAMILY_MEMBERS","REACTOME_SIGNALING_BY_TGFB_FAMILY_MEMBERS",10,-0.215786005738022,-0.598377413802178,0.927475592747559,0.957410881801126,0.599881504887923,91,"tags=70%, list=16%, signal=60%","WWTR1/RPS27A/TNRC6A/MAPK1/TGFBR3/MMP16/ITGA8"
"REACTOME_SIGNALING_BY_WNT","REACTOME_SIGNALING_BY_WNT",10,-0.206438827028465,-0.572457565091683,0.95258019525802,0.964057065080405,0.604045780125567,104,"tags=50%, list=18%, signal=42%","RPS27A/TNRC6A/PPP3CA/PRKCB/RSPO2"
"REACTOME_RNA_POLYMERASE_II_TRANSCRIPTION","REACTOME_RNA_POLYMERASE_II_TRANSCRIPTION",44,0.0977656461427093,0.556293302373458,0.983606557377049,0.983606557377049,0.616294835449279,497,"tags=98%, list=85%, signal=16%","YBX1/CBFB/ABCA6/SPP1/MDM4/SGK1/LAMTOR1/USP9X/U2AF1/PIP4K2A/PRDX1/RBPJ/RGCC/BNIP3L/DDIT4/COX5B/SRSF7/SEM1/THOC2/SRSF11/MAML2/AKT3/SESN1/WWTR1/TBL1XR1/ARNT2/RPS27A/TNRC6A/MLLT3/NR6A1/SCMH1/MAPK1/MNAT1/RORA/NR4A2/NDUFA4/HDAC9/SATB2/ZNF568/PRKAG2/GRIA2/PRKCB/RBFOX1"
